# Resource object code (Python 3)
# Created by: object code
# Created by: The Resource Compiler for Qt version 6.11.1
# WARNING! All changes made in this file will be lost!

from PySide6 import QtCore

qt_resource_data = b"\
\x00\x00Y\x08\
\x89\
PNG\x0d\x0a\x1a\x0a\x00\x00\x00\x0dIHDR\x00\
\x00\x02\xee\x00\x00\x02\xee\x08\x06\x00\x00\x00\xf1\x1d\x93\xca\
\x00\x00\x10\xffzTXtRaw prof\
ile type exif\x00\x00x\
\xda\xdd\x9a[\x96#\xb9\x0dD\xff\xb9\x0a/\x81\xe0\x9b\
\xcb\xe1\xf3\x1c\xef\xc0\xcb\xf7\x053\xa5\x92\xea\xe1\xee\x99\
\xe9/\x97\xa6*\xd5\x12\xc5$\x81@D\x80\x1a\xb3\xfe\
\xf3\xefm\xfe\xc5O\x94bM\x88\xb9\xa4\x9a\x92\xe5'\
\xd4P]\xe3I\xb1\xd7O;\x7f\xc5\x86\xf3\xf7\xfc\xac\
e\xdd\xfd\xea\xdb\xeb\xe6\xf9\x86\xe3%\xcf\xd5_o\x94\
t]\xe5\xf1\xfa\xfd\x81\xc7U\x1a\xcf\xe2\xcbDe\xdc\
o\xf4\xf77j\xb8\xae\xae|\x9a\xe8\xbe\x91\xd7\x15\xe9\
\x12\xe6=Q\xbd'\xf2\xeezC\xee\x09\xda\xb5-\x9b\
j\xc9\xaf[\xe8\xeb\xba\xde\x9f\xbf\xc2\xc0\xaf\xd1?\xfd\
\xf1j\xbc\x07\x7f\xfaw\xc8DoF\xee\xe3\x9d[^\
\xbc\xe5\xaf\xf3\xe1Z\x80\xd7_1\xbe\xf1$\x9f\xbf\x81\
\x81\x0c\xe2\xb9\xf3\xf5z\xe5^\x09\x01\xf9.N\xf6e\
U\xe6sV\x9e\xcf\xe4\x87\xd7?%\xc5\xa7\xebu\xc3\
\x0b\xef\xc1L\xcf\xeb\xb7\xafK\xfc>\xf8\xe6\x84\xf8\xe5\
\xce~<\xef\xfc\xf6\xfan\xe2>o\xe7\xf1\xbb\xf7,\
f\xefu\xed\xae\x85DH\xd3\xbd\xa9\xc7V\xce3\x06\
vB\xee\xcf\xc7\x12\x8f\xcco\xe4y>\x8f\xca\xa3\x18\
\xd0;H\xf9\xb4\xc3v\x1eC\xaa8\x22\xbe%\xc8\x94\
&[\xd6\xb9\x0e\x19,1\xb8\xe52W\xe7\x06\x89\xd2\
\xd7\x8a\xcf\xae\xba\xe1\xad!OA\x1f\xb2]&W\xd3\
\x17r6H\xaf\xe7U\xf7\x5c\x8b\x9c\xfb\xd6s\xbbA\
iM;\x85\x91N\x98L\xf8\x843\xfa\xe7O<~\
\x9cho\x85\xbc\x88-\xcfX\xb1.\xa7\x01g\x19\x9a\
9\xfd\xcb(\x12\x22\xfb\x81\xa3x\x02\xfcx|\xfe\xd1\
\xbcz2\x18O\x98\x0b\x1bl\xb6_S\xf4(7\xb6\
\x14G\xfe$\xda30r\xbdjM\xf2\xbc' D\
\xdc;\xb2\x18\xf1d\xc0&\xf1Q\x92\xd8\xec\x5c\x16!\
\x8e\x85\xfc4&*\x14\x8d\xeb\xa4@bt\x93U\xba\
\xe0}\x229\xc5\xe9\xbd\xf9L\x963\xd6Ew\xbd\x0c\
g\x91\x88\xe8\x13\xa5U\xb4\x98\xc8U\x80\xd8\xc0O\x0e\
\x05\x0c\xb5\xe8c\x881\xa6\x98c\x895\xb6\xe4SH\
1\xa5\x94\x93\x92_\xcb>\x87\x1cs\xca9\x97\x5cs\
+\xbe\x84\x12K*\xb9\x14Sji\xd5U\x0f9\xc6\
\x9aj\xae\xa5\xd6\xda\x1a7m\xcc\xdc\xf8tc@k\
\xddu\xdfC\x8f=\xf5\xdcK\xaf\xbd\x0d\xe03\xc2\x88\
#\x8d<\x8a\x19u\xb4\xe9\xa6\x9f\xf0\xc4L3\xcf2\
\xeblK\x16PZa\xc5\x95V^e\xd5\xd56P\
\xdb~\x87\x1dw\xday\x97]w{fM\xcc\x95\xd6\
/\x8f\xdf\xcf\x9a<\xb2\xe6N\xa6t`~f\x8d\x8f\
\xe6\xfc\x98B\x94N\xa2\xe6\x8c\x8c\xb9 d<k\x06\
\x00\xb4\xd3\x9c\xd9\x22!8\xa3\xa9\xd3\x9c\xd9\xea\xa8\x8a\
\xe8Xe\xd4\xe4L\xd1\x8c\x91\xc1\xb0\xc4\xc5-\xcf\xdc\
}d\xee-o&\x84\x7f\x947\xf7\xc8\x9c\xd1\xd4\xfd\
\x89\xcc\x19M\xdd\x0f\x99\xfb\x9a\xb7o\xb26Um\x86\
\xf5\xe6dH\xcbP\x83j=\xe5\xc7\xa0\xe6\x0a\xff\xa1\
I\xbf\x7f5\x7f\xf5\x03\xff\xb7\x13\xb5\xd9J\x02_\xbd\
\xc5YF\x07\x01\xdd\xbb\x01\x8e\x03\x0c9F\xde\xd5\xee\
\xe8C}\x8e\x8a\x1f\xa3\xc0|\xd2A\x8c\x0a\xb2Z\xea\
C\xfcH\x82rw\xca/Lr\x03+%#R\xf7\
\x1c\x88\x07\xc5\x93k\x9fao\xb5H;\x8f\xe9w\xa4\
\x98ft#\xb9>\xba\xaf5\xc5\xe2\xa2\xd4\x98d\x8f\
\x82\xd2\xb5\xee\xe3\xf63\x17\xbf\xcd\x00\xe6q\xb1\x8c\xb5\
\x97\xab ,\xf8\xddW\xf1~\x83\x14\xc7\xe0\xbdx\x7f\
\xe7\x96\xd7YlcK13%\xab\x9c6\xa0$m\
4\x16kv\xc2*Hj\x1a\x84\xa6v\xe8o^\xcd\
\xef\x0el\x9d\xf0\xb5\x12\xdb\xaa\x99\x98M\x10\x1fF\x17\
\xe5sv-\xdb\xac\xa0\x95\xe1\x9e\xa3\xe2\x195Wh\
\x8e\x22wq\x8eg2\xd6\x8c\xcbV\xa2\xbc\xa5L\x02\
\xd3\xd2\xee\x9b\x1buK\xb1\x9a]\xbdMyS\x1a\xb2\
(!\xbf[\xd4\xa7o\xa3y\x22\xb1\xc0\x13\x8f\xc1:\
4\xfa=Z\xa7\xb8\xef\xaduFZHa\xa4\xd5\x87\
\xa3`\xc7Z5\x0d$\xc3\x8f+\xe68\x87g\xd4\xc7\
\x98\x18\x05\xd9\x08\x12%\xab[h5y\x89+\xe2!\
GwC\x5caz\xbbW@\xcff\xacmW\xe6\x95\
y\xa1\x05\x10\x1c\xb4t\x18\x92A\x1e\xdf\x81\x89\xf1\xa3\
\xaf\x05D\xda\xce}zsc%)V&X\x09\xa1\
cqz\xaf\xb1\xe4\xed\xfc*\x190[7\xa3\x84\xa8\
F\xf5\xa7\xab\xf9\xd5\x80\x1f\xaf1MTRW\xe1\xd6\
H\xd1\x00\xd9\x09d5CB\x03\x906y]\xa9\xbc\
\x0d\xba\xc7\x08\xa2|\xc6\x90\x91\xdc\xd9>\xf4%\xe5\x0e\
\xaf\x89>\xcfM\xd9\xcd\x12\xc8G~fe\x8d\xbbX\
(,\xff^XT\x88\xc8\xa3\xae\xa0G\xad\xacM\xfa\
c\xc6S}\xbf\xfc\x1c\xe6\xb2\xeb\x06\x02QU\xd8\xc4\
NW\xb0\xd7>\x11\xa77\xd1\x98S\xa7f]P\xb0\
~5\xf7\xb9L\xddK\x99F\xdd\xf3Hm\xcc<6\
\xc0<\xc8{\xb9\x81\x81\x17\x90\xce\xf7;\xccr\x97j\
}\x96j\xfc\xbeTw\xa3I\x88\xf5\xcf1d\xeb\xe6\
\x9d\xcb`3W\x80|\xa9\xd9\xbd\xd4X\xe8_\x86\xdd\
\xc4\xf8\xe4Es\xd7b\xbe\xaa+^\xd5\xc5\x16\xfb\xd0\
\xe4\xf8\x0c\x16n\x1cS=\x85\xf2\xc2S\xe6o\x12\x09\
C\x0a28\xfc\x1bC\xae\xf4\xbb{Zu_\x95d\
\xeeRJ\xf6\xb5V3~\x1b\x0d\x8d\x1b\xba\x1c\xe4\xb5\
|\x9fW-\xa9x\xf2\x1a\xa7\x19m\xf8]\x85\x8f\xb0\
\xc5\x04\xe3\xe6v\xb1\x81\xbb\xd9\x00\x0a#\xaf\xb1o\xca\
\xf9\x02\xab,\x0d\xc5{V\xa7\xd1\xb4\xf6\x94\x09\x9a\x16\
\xab\xa6\xf59\xafRp\xfa\xdbT\xdb\xa0\x987\xb2\x04\
\x86C\xdb\x06!]\x9e\x8c\xe05\x06%\xf8\x99w\xcd\
\x0b\xf1zx\xe3R.\xbb\xbf/0M\xcbg\xe1\xba\
k\xd1\xfc\xa2\x18\x83>\xd34\xa6_\xa4\xcf\xfc\x9c\xd7\
\xef\x19\x129Eq\xafU\x11\xfe\x0d_\x9e\xbb\x18\xed\
\x0dK\x0e{\x06R\x14c\x97\x82\x9f\x1a-Q@\xd4\
`\x8aQK\xbdj\xb9\xcex\x95\xebwlP\xb6\xf1\
\xaft\x00\xbb\xd6\x99\xfb\xfa\xcc\xec\xaf\xc4\xee\xcef\xe1\
\xe0\x04\x03\xab\x16\x5c\x8cc~\xc9\xa8\xf1I\x96M\xc9\
r\xf6\x01\xafk\x99\xc1\xeb\xb5\xec\x93\x1fx\xdd\xd4\x0c\
;\xea\xb6x\x03\x1e\xc5\x1e:\xb0J\xd9\x16vW\xfb\
&\x10\xa4\x11\xbc\xc7\x887\x80\xc3\x18\xd4\x0ax\x08m\
@\xbbe\x22{\xaaZ\x06\xab\xe0\xd9\x8c'\x95\xa9z\
\x18\xb6\x84\x89\x97\xe5\xda\xdf \xc0sB:\x9cK\x0f\
\x0c\xdcy\x1d\x84\x10\xbd3\x13\xba\xc7\x06\xe3\xb4\x81\xbb\
Br\xf8\x80\xc5u\x18\x10zH\xf8}\xa2w\xae\xc7\
61\xdc\x18r\xc0\x0f@R\x89\xb9\x10\xf0^\xb1F\
\x10\xe1Elm\x8494\xed]}\xfed\x19}\x14\
\x97k\xd3 \x87J\x1e\xb4\xbdf\x8b`bR\xa6A\
\xc9*\xc3\xf4\xadR\xe3\x814\xe1\xad\xa95\xccp\xdb\
\x93L\x8d\x9e\xd4|\xf9\xe1}\xa9\x89\xa4.K\x93@\
\x03\xd9:\x02\xd1B\xc4|\xf7\xee\x98\x87\xeei\xd8\xa1\
\x89\xf6\xb1Q\x9d1L\x93G\x87\xcf\xe1b\xd6\x89\xcb\
\xcfu\xee\xe6AcE\xdab\xdc=P[\x89\xb2N\
\xbd(e\xcb\x80p\xe6\x92\xecR\x05\x1cx\x9d\xb4\xa0\
\xec\xd4M\x97NW\xcb\xb0\xb8Z\xd8\xac\x9e?U:\
\xe9.; \x8aN\xf1\x99\xc2\x1at\x0c\x09L\xeeJ\
\xcbR\xe0|TF\xe8%B\x15\xd2>\xba\xa1\x0b\xa6\
\x01\xb0\xb3O\x9b\xdb\xf4}\xb3vbXEHNp\
\x05\x04\xa8C\x02T}\x02\xa4\x99]]\x96^\x84\xed\
\xcf\x1ec\xf3\xb0\x18\xddE2\x09\xebC\x0e\x9aM\xc4\
qad*\x92\xb9yeD\xaf=KE\xb4\xc3\x18\
\xe0.D\xf2\x94\xc5\xd9\x94\xd8y\x0b\x80j\xa4,\x1a\
!\xc2i\x08f\x8f\xd5\x81\x16\xad)\x09@\x80\xd0\xd2\
\x03\x82\xc2\xd6\x92\x908\x1a\xb0\x15$@\xae0a\xa4\
%D\x81S\x8e\xc0\xb3e\xb7\xd8\xedb\xc3\xe6.\x86\
Q^\x88\xfc\xc1\xe3`\xf0\xf08\xae:\x7fT\xfc\xc8\
\xab\x83@\x9c\xd0\xa4g\xda\x02X)\x1a#\xbb\xa6`\
Wf\xdb\x8b\xed\x84\xb0RcN\x14`\xf8$\x8dn\
\xae\xd2\xda\x01\xfe\xa88\xf1\xef4\x91\xc6\x8a\xa2\xd5\xdc\
\x96YO\xf7M\xca\x88\x1e\x1d\x19\x0cAie\x0a\x87\
LS0\xaeB&k\xcc\x89\x00\xec[\x00 \xa8q\
\x09\x80\x5c\x02`\x1e\xba\xfe.\x00\xa4\xaa\xb3\x81T)\
\x07LD\x16\xba\xcf^\x1fR\x10N4\xd4\xb4~\x5c\
\xcdy\x12\x13iW\xaa\x00/0\x95\x96\xc8\xa5WR\
\xe8ia\xc1\xc3\x00\x99\xfb-\x81IX\xd6\x82\x01<\
\xe8\x1e\x1b\x8c)\x03\x18BH\x1d\xeb\xf0\xc7Z7\xe8\
\xd8K5-\x06e\x96\x01$\xdd\x1d\x89\x09\xb8IR\
\xf1k\x03y\x16<-@\xc0\xbdV\xb3I\x0d\xd5_\
\x07\x0dpR\x1e\x02;\xd0 \xd5\x1f\xb4\xfa\xdd]\xfd\
\xad@DL\xf00\xd1\xbdP\x1a04\x9e\x15\xf3M\
I\x1a\x5cNG\x98\x8e\xcfE\x9e\x94/\x22\x9eC\xdb\
\xeb\x9b/l\x99\xb6tMb\xbfH\xe2\xa6\x0b\xe0\x06\
\x19\xce\x92&5\xb4\x8d\xa4@\xbf\x83\x08\xa7AGO\
o\x94#\x1eJ)\xa5)\xcd\xba\x9a}\x08\xac1\xba\
2q\xcc\x0e)\xc1\x00@\xaa\xb4\xe3\x01\x00\x00:l\
N\xd8\xc6\xc5\x1a\xad\xcbs\x95\x183\xe1\xdfZ\x91\x02\
#\x04]\xa7\x85GqH\xb1,\x9f\xe2\xe0]Hd\
\x13y\xb5\x15=\x93\xee\xda\x12\xb0\xc00\x99\x8c\xd6\xb0\
\x22l\x83\xf0Z\xa0\x02\xc04cfn\x0d\xf8\x85\xc5\
T\x18\xe3\x8eC\x82>,\xf1\x80\xaa\x00\x19-\x00A\
\xddm9[Y.r\x84\xbc\x96p\x0e\x11\x92'\x19\
QIbY\xa8*\xfb\xec\x85\x8a%s>\x07\xc8\xb0\
\xf3\xd8\x110\x00`\xaa\x16\xd6\x919@0LB+\
\xba\x82\xb3\xd9\xeb\x89E\x00\xc9\xca\x968\x18\xaa\x9b\x0f\
'R\x08\x94\xb7ZY\xe0\xbd\xa1\xc3Dx-P\x85\
\x09\xeb\xca\x8a\x04P\x85\xd2\xd6i\xa0\x83D\x15\xa9`\
\x81\x8c]\x03\x04\x9c\xd6\xee\xdc\xafE=\xc0\xa8\xech\
\xba\xc8\x0b\xc2\x0d\xc1\xa9\x15G~\xb0Q\x93\x15\x82\x18\
PP=f\x94\x16'\x0e/\xf3\x9c\xbbT\xe8uy\
\xacZ\x84\xb5\xd8\x83\x1e\x8f\x1e\x9b\x0d\xce\xd9O\x17_\
\xa5J\x81\xf5\xd8T\xca\xaa\xb3\x91\x90\x90f3\xb0y\
IM\xd1\xc0\xf6\x10\x81\xb8g\xc4,\x9c\x22b\x0a{\
\xb1E\x13Q\xce\x08\xa1\xa2V\x90\x1e\xee\x0e\xb8f\xd2\
9\xa9+\x80\x9a\xcd\x106|4\x14\xa2\xc9\x01\xfa\x87\
\x10\xf1\x91\xb5\xcb\xcc{\xc2\x96\xa7\xab\x84^l#X\
\x17\xbd\xb8\xa4\xc7G\x9eY\xc91\x86\xa1\x80#jQ\
\x85V\x11\x86\xd4\xf2C\x85\xf8\x84w9\xd6\x02\xd4\xbb\
}\xe9\xf0f\x9c=\x95\x0dK4=I\xd2\x88\x9d\xae\
\xaaD\xaa_\x87\xb3\xb9r\x06%\x1d\x94\xaeA\xe5v\
\x0a1\x06\x98\x14q\xe9\xdaY\x02\xf8\xa1.\xc9\x13\xdf\
g\xc5(\xaf\x98/\xc4\xf2v\xfd\x15\xbf\x9cE\xe0\xc8\
\xf20\x09\xeb4\x1f$\x0db\xd9a\xd6~%kI\
\xdf\x15}\xd9&\xf4\xea\x83`<\xad\x13D\x8b\xb8\x1c\
G\x16p\xfed\x136\xa7\xf6\x89\x08\x1e\x15X7\xfc\
\xe5\xc7\xf4\xa0\xe3mz\x14\x89\xc9z\xbe\xdbn\xfd\x0e\
EB\xb3T\xbf;_?Aw\xd6!K\xd05\xf0\
!\xad\xa8\xf1\x94I\x9a\xbb\x1c\xf7\x8a\x0b\x8c\xd6\xeb\x89\
\x02&^\xce\x01\x9b\x1e\x11\xa0l8)\xf1\x86v(\
9doe\xb4[)\xafj\xb2\x0b\x89Y\xf8\xa4\x04\
\x9d\x93sb\x84\xa1)\x14wP\xb2\x9dIpC\x01\
\xa3\x96x\x86\x1b^4\xc7\x05\x87\xb8\xa6\xb0\xcf\x84\xe2\
*\x8d&\xa4\x90%\x16\x81\x5cqM\xb4\xd3]?\x9a\
\xd4\x89\x06\xd0\x13\x07\x8a\x0c\xfda/\x91;m\xbc(\
\xdbn(5\x8bu\xc3\xa3x\x9a(\xdaC\xf0\xea\x08\
0T\xb0\xabs\xaeb\xe5!\x86a[\xce(\x1f&\
\x0c\x05\xb4\x1d\xf0L\x0d\xb2/\xd2)\xb7\xe0\x8d\x92\xf5\
r\x88QH\xdc\x96<\x12?\x94\x19\xa6\x88\x9a\x90\x90\
3\xb2\x0d\xc19O\x0b\xbbG(\xc8\x88\xeb\x8b{y\
:g\xc8\x15{\xd7\xfb\xf0F\xf4\xac\x0c\xbe$\x10\xa0\
\x8e\xb7\xd4DP\x1fhfp\xda\x5c\x95!ic\x92\
A\x1f\xa5\xa7&MO;\xf5\xe4\x96\xb6\x00*\xa6;\
\xc3\x0d8\xa3\xb6\xabS\x1b\xdbY\x8f\xe9\x82\xc4X\x22\
\x1e\x17\xed\xa5\xd2l\xdd*\xd7\xf8E&M\x82q\xd4\
\x8e\x12\x8fT\xb5\xa21\xe4\x04\x02\xa7\xe3]2\xd5\xe1\
\x9cCh\x95z\xdb=\x0az\xaa\x8d@\xb0S\x1cF\
\x97M-\xdc\x1d\x0a\xac\x1b+(\xff\x89\xa2R?\x0e\
\x16\x801ja\xb8\x84\xc6\x8fF\xc6gMe\x95F\
\x90\x83\x1e\x16\x17\x1c\xa3U'U\xd4oZm::\
\xcb\xc4\x9f.\xd6\x9f\xed*\xca\x97\xa0h\xad%Jq\
\xc98\x17s\x1a\xda\xf1JG\x0e\xdb\xf2X|\xcc\xb7\
H\xaaVT\x85\xd0<\x96\x88WC\xb0\x13\xffn\xb8\
\x22\xe6\xc0\xf8\x92\xd85\xf5\x80\x17\xf4\x18\xbb\xdc\x0a,\
\xa0@g\xb4\xd0\xa3\xa8\xca\x01V\x0b\x11p\xef\x01\xe3\
\x92\x5ce\xbe\xa6MB?\xdff\xc1I\x08\xa1\xb7p\
\x9b\xa3\x0e \x04\xed\x8e\x8e\xc3F\x92m\xda\x97$G\
\xaf\xce\x03YW\x1b%\xdaV\xcdy\xd8I\xf3N\xc1\
\xd5sxf\xd5K<\x0e\xcf\xf0\xd9\xbd\x09\x16\xdd\xe9\
\xe1\xe3\x07)^\xe7gs\xa9\x89\xd46\x85\xde\x08\x9d\
\xc6}\xc9\xdd\xa6\x08V\x07\xea\x8b\xcd=F\x98\x97!\
\xe9\x1e\x12.6\xe8\xfe\xaf\x9cK}j\xb3\xe4\x85p\
\xe4\x22\x1c4\x9d.\x80\x8c\xc0@\x88\xe3\x90\xad\x0d}\
\xb8\xccI[\xf96'\x06\xa1ak1i/\xabB\
1\xb3\xfe#[\x8d\xa1~\xef\x88}\xd8S3\xd1N\
?]\xe7\x82\x7f\xbf\x9a%\xf8h;\x8a\xffh\x0a\xcd\
\xc4\x91\x14\xc9*)]\x8f\x9a\xb9\x05\xd1\xab\x1a=O\
\xf4\xd2\xe3h\x22CP\x13Y\xa0\x97\x22\x0b\xf8\x9ei\
\x82\xb6\xed\x99\xc5\xe97\x82c3SBh\x07\xdc\xd6\
\xe9A\x00-\xc6,T=}R\x13\xac\xb9\xa0g\x80\
\xf5P\xdc\xa2\xc5\x13!2\xa8a\x99\xb4\x08\x086\x04\
\xf5\x98\xb8\x8d\x1e\xe90\x9b\x94\x8a\xe5\x1f\x05P\xc1L\
\x18\xe1X\x009\xecf+~J}1\xfd]Dh\
\x9c\xc5\xb9\xd1A6g\x807%\xde\xe04\xa2\x96\x1c\
\x02\xcdx'\xdc5\xe2\xbch\x12\xe9^0l\xae9\
\xba\x96M\x04\x19c\xb5K\x0c4\x8e\x10\x0d^\xfa\x18\
>\xc3\xe8\xbc\x13\x01Y\x18\x05\xe9\x81\x9e\xa3\x8f\x5c\xd8\
\x7f\xa9\xfa\xff\x09\xd4\x09\xaf\xed\x8d\xbe\xc1\xb3tV\xc0\
\x13sJS\xa4\x9d\x1f\xc5\xdb\xb3\x1a\xe8\x81\xd2\xe2B\
\x16\xad\x85\xb6\xdfU}\xec\xaa\x05\xca\xbezhz[\
\xa7\xf2\xa8\xdc9\xa8\x09\x87\xcb!\xcc\xabthF\xcf\
\xaa\xce\xf1>\xb2V\xada\x03\xddS\xe6\x83v\x13J\
\xd0\x93\x15\x0c?;\xe0\xe3p\x8d\x15j4\xeb\xe1\x80\
\xed\xba\x1d\xcc\xd2\xc4\xd5\x00 \x94aP\x11\xaafq\
dh\x04\xa6U\xacu\x8d8\xf2\x03\xfb\xd1\xb0\xd3[\
!#\xb1\x93\x11D\x01\xb7D\x9b\xe0\x8a\x9e\xe9n\x0c\
&\xf61\xe3\x82\xf4f\x1b\x1fA\x97\x80\x89\xa0\x9bF\
\xf9\x09\xb7\xe8\x91\x05\xc2\x94\xaa~\xe7\x83\x92\xf4\x95k\
q\xcb%\xe6\xab\xb3v\xfd\xb2(#\x81\xb4\xef\xf8e\
F\x12\xad6\xc1v\xc9inCc\x88\xac@O\x15\
{\x1dr\x87\x94@\xe4\xd86\xa2r.h\xf5/K\
\xde\xd5\x9fA\xb58\xc9\x15\x22&\x9e\x22\xb2X1\xba\
\xbd\xa2\x8d\xd7F\xd7\x0a\xfe\x8a\xbe\xbf\x82.\xc0\x89\xf3\
u\xda\xe8%\xe4\x10\x09\xd5\xea( \xb6\xd5svy\
\xda\x99\xdbZ\xdd\xce\xaatHfb\xfd\x9c\xb2\x88{\
\xb3V\x87E M*T[\xad^\xaf\xb3\x08Z\xb9\
38\x1d\x8a*\xabk\x05a\xc4\x9c\xda'\xb3s\xff\
\xf0O\xb75\xbaN\xa5\xd9\x00V\x9bj9v\xfe\x8b\
\x7f\xfa4\xc8\xe8\xa86\xe6\xcf\x16\xe97\xaf\xe6\x7f{\
\xaa\xf4\xf0T\xeaa\xea\xc5Ce?\x9b\xa4^\x91\xd6\
t8\xc2(I\xec\x9b$\xd68G]/4\x04\xee\
r\x8a\x17\x0d\xb1\xa3\xa0gQ\xfa\x7f\x8a\x1c\xafv\x8c\
\x02t\x13H\xa6\xa0\xb4NI|\xecs\xd4\x95\xed\x9c\
\x0e\xce\x07rH*\xf4\xb3\xb7\x1e>muln\xff\
@\xb5L\xb3\xac\x99\xf74h\x01^\x0c\x0b\x05 \xf5\
\xacw\xf3B\xd4i\xb2N\xc3\xd6\x1d)\xefO3\x0d\
\xf1\xc1\x1f\xe8\x1d\xdd\x13c\xf1\x909\x9eV\x94\xeeX\
n\xe9X\xdfH\xc7\x87.`po\x0b\xfc\xee\x93\x8d\
<\x8c\xf2\x15\xce\xbf&\x1d/W\xf3\x1b\x03\x1f\xd2\xd2\
\x7f\x92\x16\x0d\xbc\xb9\xd4%\xfe\xd4\xfa\xf67\x9f|}\
\xc3\xd3\xecz\xd5\x96+\xa9\x86\xac^'\x8cdU\x03\
\xd0\xf5;\xa6\xaf\xc2\x02\x17\xc0+\xd7\xect\xa3.\xa5\
\x91\xc3\x15\xdd~\xceG\x8d\xb6\xd6\xf7\xd1\xaa\x1al-\
\xae\xf98\xe8\x83?\xae.\x07\x83=u]P\xeeO\
\xf2o\xfa\xa7\x9c\x8f|'\xfd\x1c\x0b\xd2\x9a\xe2g%\
\xd1\xf0\xe8\xc1G\xca\xd8\xea\xeb[\x83\xb7&\x85!\xe6\
\x1eE\xc7\xa7\xa3l\xbb\xbe[\xa0\xf1\xa5\x1d\xc6\x03j\
\x83\xf0[_D\x9a\x7f\xf4\x0d\xe6}\xc5sn]\x91\
\x1e\xd8\xd4\x80\xabB\x0c\x94\x08B\xc3B\x11\xfd\xa3\xb7\
j\x22\xbd\xdc\xb1\xd0/\xe50\xc3w\x9d^e\x8a\xb1\
\xd4h\x9ay\x15\xe0kR\xdf+\xf5a\x18\xce\xa9\xcd\
\xf1\x22t?\xe0E\xbfa\xf8\xf0e\xfe\xcdh1}\
\xbd\x0b\xe6:\x88\xe7Sw5 +\xcfj8\xdf\xb3\
]\xc5\x80\x0f\xbd\x0b\xc6|\xed,\x95\xf4N\xa8i;\
 \xa4\xdf\xfc\x06\xc9\xfc\x99/\xe9\xff\xcf&\xc2\xab\xc1\
\xcf\xe6\xbfs\xd0\xba((\xfb\xcd\xde\x00\x00\x01\x84i\
CCPICC profile\x00\x00\
x\x9c}\x91=H\xc3@\x1c\xc5_?\xa4E*\x0e\
v\x10\xe9\x90\xa1:Y\x11\x15q\xd4*\x14\xa1B\xa8\
\x15Zu0\xb9\xf4\x0b\x9a4$).\x8e\x82k\xc1\
\xc1\x8f\xc5\xaa\x83\x8b\xb3\xae\x0e\xae\x82 \xf8\x01\xe2\xe6\
\xe6\xa4\xe8\x22%\xfe/)\xb4\x88\xf1\xe0\xb8\x1f\xef\xee\
=\xee\xde\x01\xfef\x95\xa9fp\x1cP5\xcb\xc8\xa4\
\x92B.\xbf*\x84^\x11B\x10a\xc40&1S\
\x9f\x13\xc54<\xc7\xd7=||\xbdK\xf0,\xefs\
\x7f\x8e>\xa5`2\xc0'\x10\xcf2\xdd\xb0\x887\x88\
\xa77-\x9d\xf3>q\x94\x95%\x85\xf8\x9cx\xd4\xa0\
\x0b\x12?r]v\xf9\x8ds\xc9a?\xcf\x8c\x1a\xd9\
\xcc<q\x94X(u\xb1\xdc\xc5\xacl\xa8\xc4S\xc4\
qE\xd5(\xdf\x9fsY\xe1\xbc\xc5Y\xad\xd6Y\xfb\
\x9e\xfc\x85\x91\x82\xb6\xb2\xccu\x9a1\xa4\xb0\x88%\x88\
\x10 \xa3\x8e\x0a\xaa\xb0\x90\xa0U#\xc5D\x86\xf6\x93\
\x1e\xfe!\xc7/\x92K&W\x05\x8c\x1c\x0b\xa8A\x85\
\xe4\xf8\xc1\xff\xe0w\xb7fqr\xc2M\x8a$\x81\x9e\
\x17\xdb\xfe\x18\x06B\xbb@\xaba\xdb\xdf\xc7\xb6\xdd:\
\x01\x02\xcf\xc0\x95\xd6\xf1\xd7\x9a\xc0\xcc'\xe9\x8d\x8e\x16\
?\x02\xfa\xb7\x81\x8b\xeb\x8e&\xef\x01\x97;\xc0\xe0\x93\
.\x19\x92#\x05h\xfa\x8bE\xe0\xfd\x8c\xbe)\x0f\x0c\
\xdc\x02\xbdkno\xed}\x9c>\x00Y\xea*}\x03\
\x1c\x1c\x02#%\xca^\xf7xw\xb8\xbb\xb7\x7f\xcf\xb4\
\xfb\xfb\x01T\xb7r\x9b\x97\x22E\xe6\x00\x00\x0d\x1ai\
TXtXML:com.adobe\
.xmp\x00\x00\x00\x00\x00<?xpack\
et begin=\x22\xef\xbb\xbf\x22 i\
d=\x22W5M0MpCehiHzr\
eSzNTczkc9d\x22?>\x0a<\
x:xmpmeta xmlns:\
x=\x22adobe:ns:meta\
/\x22 x:xmptk=\x22XMP \
Core 4.4.0-Exiv2\
\x22>\x0a <rdf:RDF xml\
ns:rdf=\x22http://w\
ww.w3.org/1999/0\
2/22-rdf-syntax-\
ns#\x22>\x0a  <rdf:Des\
cription rdf:abo\
ut=\x22\x22\x0a    xmlns:\
xmpMM=\x22http://ns\
.adobe.com/xap/1\
.0/mm/\x22\x0a    xmln\
s:stEvt=\x22http://\
ns.adobe.com/xap\
/1.0/sType/Resou\
rceEvent#\x22\x0a    x\
mlns:dc=\x22http://\
purl.org/dc/elem\
ents/1.1/\x22\x0a    x\
mlns:GIMP=\x22http:\
//www.gimp.org/x\
mp/\x22\x0a    xmlns:t\
iff=\x22http://ns.a\
dobe.com/tiff/1.\
0/\x22\x0a    xmlns:xm\
p=\x22http://ns.ado\
be.com/xap/1.0/\x22\
\x0a   xmpMM:Docume\
ntID=\x22gimp:docid\
:gimp:63447ba1-b\
2de-4f5f-a9a5-85\
1e9afed726\x22\x0a   x\
mpMM:InstanceID=\
\x22xmp.iid:f68a338\
b-fb80-4f94-b369\
-bcb3aff4fb3d\x22\x0a \
  xmpMM:Original\
DocumentID=\x22xmp.\
did:e2a3eef3-991\
1-4bda-8c7e-9f7a\
c5fedbce\x22\x0a   dc:\
Format=\x22image/pn\
g\x22\x0a   GIMP:API=\x22\
2.0\x22\x0a   GIMP:Pla\
tform=\x22Linux\x22\x0a  \
 GIMP:TimeStamp=\
\x22162538734461190\
6\x22\x0a   GIMP:Versi\
on=\x222.10.24\x22\x0a   \
tiff:Orientation\
=\x221\x22\x0a   xmp:Crea\
torTool=\x22GIMP 2.\
10\x22>\x0a   <xmpMM:H\
istory>\x0a    <rdf\
:Seq>\x0a     <rdf:\
li\x0a      stEvt:a\
ction=\x22saved\x22\x0a  \
    stEvt:change\
d=\x22/\x22\x0a      stEv\
t:instanceID=\x22xm\
p.iid:06a323c9-f\
423-4155-9143-ed\
ac4ec484dd\x22\x0a    \
  stEvt:software\
Agent=\x22Gimp 2.10\
 (Linux)\x22\x0a      \
stEvt:when=\x222021\
-07-04T10:29:04+\
02:00\x22/>\x0a    </r\
df:Seq>\x0a   </xmp\
MM:History>\x0a  </\
rdf:Description>\
\x0a </rdf:RDF>\x0a</x\
:xmpmeta>\x0a      \
                \
                \
                \
                \
                \
              \x0a \
                \
                \
                \
                \
                \
                \
   \x0a            \
                \
                \
                \
                \
                \
        \x0a       \
                \
                \
                \
                \
                \
             \x0a  \
                \
                \
                \
                \
                \
                \
  \x0a             \
                \
                \
                \
                \
                \
       \x0a        \
                \
                \
                \
                \
                \
            \x0a   \
                \
                \
                \
                \
                \
                \
 \x0a              \
                \
                \
                \
                \
                \
      \x0a         \
                \
                \
                \
                \
                \
           \x0a    \
                \
                \
                \
                \
                \
                \
\x0a               \
                \
                \
                \
                \
                \
     \x0a          \
                \
                \
                \
                \
                \
          \x0a     \
                \
                \
                \
                \
                \
               \x0a\
                \
                \
                \
                \
                \
                \
    \x0a           \
                \
                \
                \
                \
                \
         \x0a      \
                \
                \
                \
                \
                \
              \x0a \
                \
                \
                \
                \
                \
                \
   \x0a            \
                \
                \
                \
                \
                \
        \x0a       \
                \
                \
                \
                \
                \
             \x0a  \
                \
         \x0a<?xpac\
ket end=\x22w\x22?>X*.\
\xf1\x00\x00\x00\x06bKGD\x00\x00\x00\x00\x00\x00\xf9\
C\xbb\x7f\x00\x00\x00\x09pHYs\x00\x00\x0e\xc4\x00\
\x00\x0e\xc4\x01\x95+\x0e\x1b\x00\x00\x00\x07tIME\
\x07\xe5\x07\x04\x08\x1d\x04A\x0d\x92k\x00\x00 \x00I\
DATx\xda\xed\xddy\x98\xd4\xf5\x9d\xe8\xfbO-\
\xddt7\x0d\xcd&\xab\x0b\xad\x08\x8a\x82\x22\xab\xa8\xc9\
\xb8kL2\x9a\xf1d2\xce\x8cO2\xe3\x92\xe5y\
fn\xee\xe4\xcc9\x93\xc9\xd8Cr\xce\xcc\xdc{\x9f\
s\xcf$3A\x13\x9cDr\x93\x89&\x9ah\x10\x0d\
\xa0\x185(I\x00qA\x14\x10\x04TP\x91\x1d\x9a\
^\xaa\xea\xfe\x91\xd0\xa1\xa8\xde\xe9\x86\xaa\xe6\xf5z\x9e\
\xfe\xa3\x7f\xb5t\xd5\xb7\xab\xab\xde\xf5\xedo\xfd~\x11\
\x00\x00\x00\x00\x00\x00\x00\x00\x00\x00\x00\x00\x00\x00\x00\x00\
\x00\x00\x00\x00\x00\x00\x00\x00\x00\x00\x00\x00\x00\x00\x00\x00\
\x00\x00\x00\x00\x00\x00\x00\x00\x00\x00\x00\x00\x00\x00\x00\x00\
\x00\x00\x00\x00\x00\x00\x00\x00\x00\x00\x00\x00\x00\x00\x00\x00\
\x00\x00\x00\x00\x00\x00\x00\x00\x00\x00\x00\x00\x00\x00\x00\x00\
\x00\x00\x00\x00\x00\x00\x00\x00\x00\x00\x00\x00\x00\x00\x00\x00\
\x00\x00\x00\x00\x00\x00\x00\x00\x00\x00\x00\x00\x00\x00\x00\x00\
\x00\x00\x00\x00\x00\x00\x00\x00\x00\x00\x00\x00\x00\x00\x00\x00\
\x00\x00\x00\x00\x00\x00\x00\x00\x00\x00\x00\x00\x00\x00\x00\x00\
\x00\x00\x00\x00\x00\x00\x00\x00\x00\x00\x00\x00\x00\x00\x00\x00\
\x00\x00\x00\x00\x00\x00\x00\x00\x00\x00\x00\x00\x00\x00\x00\x00\
\x00\x00\x00\x00\x00\x00\x00\x00\x00\x00\x00\x00\x00\x00\x00\x00\
\x00\x00\x00\x00\x00\x00\x00\x00\x00\x00\x00\x00\x00\x00\x00\x00\
\x00\x00\x00\x00\x00\x00\x00\x00\x00\x00\x00\x00\x00\x00\x00\x00\
\x00\x00\x00\x00\x00\x00\x00\x00\x00\x00\x00\x00\x00\x00\x00\x00\
\x00\x00\x00\x00\x00\x00\x00\x00\x00\x00\x00\x00\x00\x00\x00\x00\
\x00\x00\x00\x00\x00\x00\x00\x00\x00\x00\x00\x00\x00\x00\x00\x00\
\x00\x00\x00\x00\x00\x00\x00\x00\x00\x00\x00\x00\x00\x00\x00\x00\
\x00\x00\x00\x00\x00\x00\x00\x00\x00\x00\x00\x00\x00\x00\x00\x00\
\x00\x00\x00\x00\x00\x00\x00\x00\x00\x00\x00\x00\x00\x00\x94\x8e\
E\x8b\x16\xe5\x96,Y\x923\x12\x00\x00P\xc4\xd1~\
\xf3\xcd7\xe7n\xbe\xf9f\xf1\x0e\xd0\xc7$\x0c\x01@\
\xdf\x89\xf6y\xf3\xe6\xe5m\xbb\xf3\xce;\xe3\xea\xab\xaf\
\xf6\x5c\x0f \xdc\x01(\xd6h\x17\xef\x00}K\xd2\x10\
\x00\xf4\xddh\x8f\x88\xf8\xd6\xb7\xbe\x15K\x97.\xb5l\
\x06\xa0\xc4\x99\x81\x01(a\x0b\x17.\xcc}\xf7\xbb\xdf\
\xed\xd4y?\xff\xf9\xcf\xc7\x15W\x5c\xe1y\x1f@\xb8\
\x03P\xac\xd1~\xd8\xe7>\xf7\xb9\xb8\xf2\xca+=\xf7\
\x03\x08w\x00\x8a5\xda\x0f\xb3\xe6\x1d@\xb8\x03P\xe4\
\xd1.\xde\x01\x84;\x00%\x12\xed\xe2\x1d@\xb8\x03P\
\x22\xd1.\xde\x01\x84;\x00%\x12\xed\x87\xddq\xc7\x1d\
q\xcd5\xd7x=\x00\x10\xee\x00\x14k\xb4\x1fv\xdb\
m\xb7\xc5u\xd7]\xe75\x01\xa0\x889\x00\x13\xc0I\
\x1e\xed\x11\x11\xf7\xde{o,Z\xb4\xc8A\x9a\x00\x84\
;\x00\xc5\x1a\xed\x87\xcd\x9b7/\x96,Y\x22\xde\x01\
\x8a\x94\x7f\x8b\x02\x88\xf6<>\xb0\x0a \xdc\x01(\xf2\
h\x17\xef\x00\xc2\x1d\x80Nx\xf4\xd1Gs\xf7\xddw\
_Q\xdc\x16\xf1\x0e \xdc\x01h\xc5\x82\x05\x0br\xf3\
\xe7\xcf/\xaa\xdbdW\x91\x00\xc2\x1d\x80\x22\x8f\xf6\xc3\
n\xbf\xfd\xf6\xb8\xf6\xdak\xbd^\x00\x08w\x00\xd1^\
\xac\xd1.\xde\x01\x84;\x00%\x12\xed\xe2\x1d@\xb8\x03\
\x88\xf6\x12\x89v\xf1\x0e \xdc\x01D{\x89\x11\xef\x00\
\xc2\x1d@\xb4\x8bw\x00\x84;\x80h\x17\xef\x00\xc2\x1d\
\x80\x93(\xda\xc5;\xc0\xf1\x974\x04\x00\xbdo\xd1\xa2\
E}.\xda#\x22\xe6\xcd\x9b\x17\x8b\x16-\xca\xf9\x0d\
\x03\xf4>\xb3$\x00\xc7!\xda\xe7\xcd\x9b\xd7\xa7\xef\xa3\
\x99w\x00\xe1\x0e \xda\xc5;\x00\xc2\x1d@\xb4\x8bw\
\x00\xe1\x0e \xdaOB\xe2\x1d@\xb8\x03\x88v\xf1\x0e\
 \xdc\x01\x10\xed\xe2\x1d@\xb8\x03\x88v\xf1\x0e\x80p\
\x07\x10\xed\xe2\x1d@\xb8\x03 \xda\xc5;\x80p\x07\x10\
\xed\xe2\x1d\x00\xe1\x0e \xda\xc5;\x80p\x07\x10\xed\x88\
w\x00\xe1\x0e \xda\xc5;\x00\xc2\x1d@\xb4\x8bw\x00\
\xe1\x0e \xda\x11\xef\x00\xc2\x1d@\xb4\x8bw\x00\xe1\x0e\
\x80h\x17\xef\x00\xc2\x1d@\xb4#\xde\x01\x84;\x80h\
\x17\xef\x00\xc2\x1d@\xb4#\xde\x01\x84;\x80hG\xbc\
\x03\x08w\x00\xd1.\xde\x01\x84;\x80hG\xbc\x03\x08\
w\x00\xd1.\xde\x01\x84;\x80hG\xbc\x03\x08w\x00\
\xd1\x8ex\x07\x10\xee\x00\xa2]\xbc\x03\x08w\x00\xd1\x8e\
x\x07\x10\xee\x00\xa2\x1d\xf1\x0e \xdc\x01D\xbbx\x07\
\x10\xee\x00\xa2\x1d\xf1\x0e \xdc\x01D;\xe2\x1d@\xb8\
\x03\xa2\x1d\xf1\x0e \xdc\x01D;\xe2\x1d@\xb8\x03\x88\
v\xc4; \xdc\x01D;\xe2\x1d@\xb8\x03\x88v\xc4\
;\x80p\x07D\xbbhG\xbc\x03\xc2\x1d@\xb4#\xde\
\x01\x84;\x80hG\xbc\x03\x08w@\xb4#\xde\x01\x84\
;\x80hG\xbc\x03\x08w\x00\xd1\x8ex\x07\x84;\x80\
hG\xbc\x03\x08w\x00\xd1\x8ex\x07\x10\xee\x80h\x07\
\xf1\x0e\x08w\x00\xd1\x8ex\x07\x10\xee\x00\xa2\x1d\xf1\x0e\
 \xdc\x01\xd1\x0e\xe2\x1d\x10\xee\x00\xa2\x1d\xf1\x0e \xdc\
\x01\xd1.\xda\x11\xef\x00\xc2\x1d\x10\xed \xde\x01\xe1\x0e\
 \xda\x11\xef\x00\xc2\x1d\x10\xed \xde\x01\xe1\x0e \xda\
A\xbc\x03\xc2\x1d@\xb4#\xde\x01\xba*i\x08\x00\xd1\
\x0em\x9b7o^<\xf9\xe4\x939#\x01\x08w@\
\xb4\x8bv\x8a\xdc\xddw\xdf\x1dK\x97.\x15\xef\xc0\x09\
\xe5_\x7f\x80h\x87N\xfa\xfc\xe7?\x1fW\x5cq\x85\
\xd7N@\xb8\x03\xa2\x1d\xc4;\x80p\x07D;\x88w\
@\xb8\x03\x88v\xc4;\x80p\x07D;\x88w@\xb8\
\x03\x88v\x10\xef\x80p\x07D\xbbhG\xbc\x03\x08w\
@\xb4\x83x\x07\xfa>\x07`\x02z\xcd\xe2\xc5\x8bE\
;'\x8d\xb9s\xe7:H\x13 \xdc\x81\xd2\xb3t\xe9\
\xd2\xdc\xb7\xbf\xfdm\x03\x81x\x07\xe8!\xfe\xa5\x07\xf4\
J\xb4\xcf\x9d;\xd7@p\xd2\xb2l\x06\x10\xee\x80h\
\x07\xf1\x0e\x08w\x00\xd1\x0e\xe2\x1d\x10\xee\x80h\x07\xf1\
\x0e \xdc\x01\xd1\x0e\xe2\x1d\x10\xee\x00\xa2\x1d\xc4; \
\xdc\x01\xd1\x0e\xe2\x1d@\xb8\x03\xa2\x1d\xc4; \xdc\x01\
\xd1\x0e\x88w@\xb8\x03\xa2\x1d\xc4;\x80p\x07D;\
\x88w@\xb8\x03\xa2\x1d\x10\xef\x80p\x07D;\x88w\
@\xb8\x03\x88v\x10\xef\x80p\x07D; \xde\x01\xe1\
\x0e\x88v\x10\xef\x80p\x07D; \xde\x01\xe1\x0e\x88\
v@\xbc\x03\xc2\x1d\x10\xed \xde\x01\xe1\x0e\x88v@\
\xbc\x03\xc2\x1d\x10\xed \xde\x01\xe1\x0e\x88v@\xbc\x03\
\xc2\x1d\x10\xed\x80x\x07\x84; \xdaA\xbc\x03\xc2\x1d\
\xe8[\x9ex\xe2\x89\xdc=\xf7\xdcc @\xbc\x03\xc2\
\x1d(V\x8b\x16-\xca\xcd\x9b7\xcf@\x80x\x07\x84\
; \xda\x01\xf1\x0e\x08w@\xb4\x03\xe2\x1d\x84; \
\xda\x01\xf1\x0e\x08w@\xb4\x03\xe2\x1d\x10\xee\x80h\x07\
\xf1.\xdeA\xb8\x03%\xe5\xf1\xc7\x1f\xcf\xfd\xc7\x7f\xfc\
\x87\x81\x00\xf1\x0e\x08w\xa0X-\x5c\xb80\xf7\xdd\xef\
~\xd7@\x80x\x07\x84; \xda\x01\xf1\x0e\x08w@\
\xb4\x03\xe2\x1d\x10\xee \xda\x01\xf1\x0e\x08w@\xb4\x03\
\xe2\x1d\x10\xee\x80h\x07\xba\xees\x9f\xfb\x5c\x5cy\xe5\
\x95^\xf7A\xb8\x03\xa2\x1d(vw\xdeyg\x5c}\
\xf5\xd5^\xfbA\xb8\x03\xa2\x1d\x10\xef\x80p\x07D;\
 \xdeA\xb8\x03\xa2\x1d\x10\xef\x80p\x07D;Pt\
\xee\xb8\xe3\x8e\xb8\xe6\x9ak\xb4\x00\x08w@\xb4\x03\xc5\
\xee\xb6\xdbn\x8b\xeb\xae\xbbN\x0f@\x09H\x1a\x02\x10\
\xed\xc0\xc9\xeb\xde{\xef\x8dE\x8b\x16\xe5\x8c\x04\x08w\
@\xb4\x03En\xde\xbcy\xb1d\xc9\x12\xf1\x0eE\xce\
\xbf\xc6\xa0\x88=\xfa\xe8\xa3\xb9\xfb\xee\xbb\xcf@\x00\xc7\
\x85\x0f\xac\x82p\x07\xba\xe1g?\xfbY\xee{\xdf\xfb\
\x9e\x81\x00\xc4; \xdcA\xb4\x03\x88w\x10\xee@\xb7\
,X\xb0 7\x7f\xfe|\x03\x01\x9cPv\x15\x09\xc2\
\x1d\x10\xed@\x89\xb8\xfd\xf6\xdb\xe3\xdak\xaf\xd5\x0a \
\xdc\x01\xd1\x0e\x88w@\xb8\x83h\x07\x10\xef \xdc\x01\
\xd1\x0e\x88w@\xb8\x83h\x07\x10\xef\x80p\x07\xd1\x0e\
 \xdeA\xb8\x03\xa2\x1d\x10\xef\x80p\x07\xd1\x0e \xde\
\xe1d\x944\x04p\xfc,Z\xb4H\xb4\x03}\xc2\xbc\
y\xf3b\xd1\xa2E9#\x01\xc7\x8fw\xcap\x1c\xa3\
}\xde\xbcy\x06\x02\xe8S\xcc\xbc\x83p\x07\xd1\x0e \
\xde\x01\xe1\x0e\xa2\x1d@\xbc\x83p\x07D; \xde\x01\
\xe1\x0e\xa2\x1d@\xbc\x83p\x07D;\x80x\x07\xe1\x0e\
\xa2\x1d@\xbc\x03\xc2\x1dD;\x80x\x07\xe1\x0e\x88v\
\x00\xf1\x0e\xc2\x1dD;\x80x\x07\x84;\x88v\x00\xf1\
\x0e\xc2\x1dD;\x00\xe2\x1d\x84;\x88v\x00\xf1\x0e\xc2\
\x1d\x10\xed\x00\xe2\x1d\x84;\x88v\x00\xc4;\x08w\x10\
\xed\x00\xe2\x1d\x84; \xda\x01\xc4;\x08w\x10\xed\x00\
\x88w\x10\xee \xda\x01\xc4;\x08w\x10\xed\x00\x88w\
\x10\xee \xda\x01\xc4; \xdcA\xb4\x03\x88w\x10\xee\
 \xda\x01\x10\xef \xdcA\xb4\x03\x88w\x10\xee \xda\
\x01\x10\xef \xdcA\xb4\x03 \xdeA\xb8\x83h\x07\x10\
\xef \xdcA\xb4\x03 \xdeA\xb8\x83h\x07@\xbc\x83\
p\x07\xd1\x0e \xdeA\xb8\x83h\x07@\xbc\x83p\x07\
\xd1\x0e\x80xG\xb8\x1b\x02D;\x00\xe2\x1d\x84;\x88\
v\x00\xc4;\x08w\x10\xed\x00\x88w\x84;\x88v\x00\
\xc4;\x08w\x10\xed\x00\x88w\x10\xee\x88v\xd1\x0e \
\xdeA\xb8\x83h\x07@\xbc\x83p\x07\xd1\x0e\x80x\x07\
\xe1\x8eh\x07@\xbc\x83p\x07\xd1\x0e\x80x\x07\xe1\x0e\
\xa2\x1d\x00\xf1\x8ep\x07\xd1\x0e\x80x\x07\xe1\x0e\xa2\x1d\
\x00\xf1\x0e\xc2\x1d\xd1\x0e\x00\xe2\x1d\xe1\x0e\xa2\x1d\x00\xf1\
\x0e\xc2\x1dD;\x00\xe2\x1d\x84;\xa2\x1d\x00\xc4;\xc2\
\x1dD;\x00\xe2\x1d\x84;\xa2]\xb4\x03 \xde\xc1\x03\
\x14\xd1\x0e\x00\xe2\x1d\xe1\x0e\xa2\x1d\x00\xf1\x0e\xc2\x1d\xd1\
\x0e\x00\xe2\x1d\xe1\x0e\xa2\x1d\x00\xf1\x0e\xc2\x1dD;\x00\
\xe2\x1d:-i\x08\x10\xed\x00Ph\xde\xbcy\xf1\xe4\
\x93O\xe6\x8c\x04\xc2\x1dD;\x00E\xee\xee\xbb\xef\x8e\
\xa5K\x97\x8aw\x8a\x82\x7f\xff \xda\x01\xa0\x03\x9f\xff\
\xfc\xe7\xe3\x8a+\xae\xd0M\x08wD;\x00\x88w\x10\
\xee\x88v\x00\x10\xef\x08w\x10\xed\x00\x88w\x10\xee\x88\
v\x00\x10\xef \xdc\x11\xed\x00 \xde\x11\xee \xda\x01\
\x10\xef \xdc\x11\xed\x00 \xde9y8\x00\x13\xbdn\
\xf1\xe2\xc5\xa2\x1d\x80>k\xee\xdc\xb9\x0e\xd2\x84p\xa7\
\xf4-]\xba4\xf7\xedo\x7f\xdb@\x00 \xde\xe1\x18\
\xf9\xb7\x0e\xbd\x1a\xeds\xe7\xce5\x10\x00\x9c4,\x9b\
A\xb8#\xda\x01@\xbc#\xdcA\xb4\x03\x80xG\xb8\
#\xda\x01@\xbc\x83pG\xb4\x03\x80xG\xb8\x83h\
\x07\x00\xf1\x8epG\xb4\x03\x80x\x07\xe1\x8eh\x07\x00\
\xf1\x8ep\x07\xd1\x0e\x00\xe2\x1d\xe1\x8eh\x07\x00\xf1\x0e\
\xc2\x1d\xd1\x0e\x00\xe2\x1d\xe1\x8eh\x07\x00\xc4;\xc2\x1d\
\xd1\x0e\x00\xe2\x1d\xe1\x0e\xa2\x1d\x00\xc4;\xc2\x1d\xd1\x0e\
\x00\x88w\x84;\xa2\x1d\x00\xc4;\xc2\x1d\xd1\x0e\x00\x88\
w\x84;\xa2\x1d\x00\x10\xef\x08wD;\x00\x88wJ\
Y\xd2\x10p\xbc\xa2=\x9b\xae\x88\x5c2e\x90\x01\xe8\
\x13\xfaEDY/]\xf7\xdc\xb9sc\xe9\xd2\xa59\
\xa3\x8cp\xe7\x84D\xfb\x8ek\xbe\x1c\xb9t?\x03\x0d\
@\x9f00\x91\x88\xffZV&\xde\x11\xee\xf4\xbdh\
o\x1cy\xae\x81\x06\xa0O\x99\x92J\x89w\x84;\xa2\
\x1d\x00\xc4\xbbxG\xb8#\xda\x01@\xbc#\xdc)\x0d\
O<\xf1\x84h\x07\x80\x1e\x8e\xf7r\xf1\x8ep\xa7'\
-Z\xb4(w\xcf=\xf7\x88v\x00\xe8\xe1x\xff\xef\
\xe2\x1d\xe1NOY\xb2dIn\xde\xbcy\xa2\x1d\x00\
z\xc1$\xf1\x8ep\xa7\xa7\xa2\xfd[\xdf\xfa\x96h\x07\
\x00\xf1\x8epG\xb4\x03\x00\xe2\x1d\xe1\x8eh\x07\x00\xf1\
.\xde\x85;\xa2]\xb4CO\xaa\x89\x883\x12\x898\
;\x91\x88q\x89D\x9c\x96H\xc4\x80\x88\x88\x9c\xd7Y\
\x10\xef\xe2\x9d\xaeI\x1b\x02\xd1.\xda\xe9\x8a=S>\
\x19\x07&\x5c\xd5\xb5\x0b\xe5r\x91\xc86E\xb2\xf1`\
\xa4\x0e|\x10\xe9][\xa3\xdf\xbbk\xa3\xe2\x9dW\x22\
\x91m\xea\xf6m\xd9\xfe\x89\x7f\x8dlyU\xaf\xdc\xcf\
\x11?\xf9b\xa4\x1a\x0ft\xf9r\x03\x22\xe2\xb2T*\
.J&\xe3\xecd2\xaa\x12\x89V\xcfW\x9f\xcb\xc5\
\xd6\x5c.^\xcbf\xe3\xc5l6\xd6d\xb3\x91\xe9\xc4\
\xf5\xffSYY\x9c\x9a\xec\xdd9\x97\xff\xa7\xa9)^\
\xcef[\xbe\xafM$\xe2\xef\xca\xdbN\x8e\xff\xb7\xb1\
1^\xeb\xe2\x1b\x91\xd3\x13\x89\xf8\xfb\xf2\xf2H\xb4q\
\xfa\xd7\x1b\x1bcM\x1b\xd7\xf9\xc9T*\xaeJ\xb7\xfe\
\xf2\xb57\x97\x8b/56\xf6\xe8x\xfcCYY\x9c\
\xd6Kc\xfe?\x1b\x1bc\xb37q'O\xbcG\xc4\
\xbf45Ec/\x5c\xff\xe1x\xbf\xe2\x8a+\x12F\
[\xb8#\xdaE;\xbfm\xf0\xf2\xaa\xc8V\x0d\xee\xd6\
e3\x11\xd14\xb46\xe2\xf4i\xb1?n\x8aD\xe3\
\x81\xe8\xbfni\x0cx\xf1\xa7\x91j\xd8\xd7\xf5\xeb\xab\
\x1c\x14\xb9~\xfd{\xe7\x8e&\xba\x16j\x15\x11\xf1_\
\xd2\xe9\xb8.\x95\x8a\xf2D\xc7\xaf\x9b\x95\x89D\x8cO\
$b|2\x19\x1f\x8f\x88=\xb9\x5c<\xd5\xdc\x1c\x0b\
3\x99\xd8\xdd\xce\xe5\xfa%\x12Q\x99\xe8\xdd\xd7\xe5\xd4\
Q\xdfo\xca\xe5bc6\x1bSS\xa9V\xcf\x7fk\
YY|\xb9\xa1!\xa2\x0b\xb7\xebO\xd3\xe9\x18\xd2\xc6\
\xf9_\xcfdbM6\xdb\xe6\xf5U%\x121\xb8\x8d\
\xd3z#\xaf\x07\xb6\xf3\xf3zz\xac)-\xcd]|\
\xd3%\xde9V\x96\xca\x88v\xd1\xce\x09|\x13\xd0?\
\xf6\x9f\xff\xb1\xd8\xfeG_\x8f\xfa\xd3\xa6\x96\xec\xfd\x18\
\x93H\xc4\xff]^\x1e\x1fO\xa7;\x15\xed\xad\xa9I\
$\xe2\xc6\xb2\xb2\xf8f\xbf~qK:\x1d\xfd\x8a\xec\
>\xfe\xa0\xb99\xb2mD\xca\xd9\xc9d\xccNu>\
A'&\x12qQ;\xe7\xff~ss\x97\xde\x04\xc0\
\x09{\x0e\xeb\xc6e,\x9bA\xb8#\xda)\xed\x17\xbf\
\x8a\x01\xf1\xc1\x95\x7f\x1b\x07\xce\xfaP\xc9\xdd\xf6S\x22\
\xe2\x1f\xcb\xcbcT\x0f-\xa5(O$\xe2\xa6t:\
\xc6\x16Y\xb8n\xcd\xe5\xe2\xe9L\xdb\x8by\xfe4\x9d\
\xee\xf4\xbfp\xff\xbc\xac\xed\x83\xc2\xaf\xc8d\xba\xbc\xec\
\x06J\x8dxG\xb8#\xda)\xf1g\xa3d\xec\xba\xf4\
s\xd18dlI\xdd\xec/\x94\x95\xc5\xa0\x1e\x8e\xec\
W2\x99x\xbd\x08\xe3\xf5\x81\xe6\xe6hl\xe3v\x0d\
O&\xe3\xfaN\xcc\xba\xcfJ&c\x5c\x1bor\xb2\
\xb9\x5c\xfcgs\xb3\xbf\x05\xc4\xbbxG\xb8\x8bv\xd1\
No\xcb\xe5r\x11\x99\xe6\xc2\xafl\xa6sW\x90J\
\xc7\xeeY\x9f\xe9\xa1\x07m\xb6\xf5\xdb\xd2\xd9\xafN\xfc\
\x13\xfc\xfcD\x22\xce\xeb V3\xb9\x5cl\xcffc\
k6\x1b{:\x19\xe3?)\xd2x\xfd \x22\x1eo\
\xe7\xb6}\x22\x9d\x8e\xea\xf6~\xbd\x11qK\xba\xedy\
\xf9g2\x99\xd8Zb\xb3\xed\xd9\x5c.\x9a\x8f\xe1K\
U\x89w\xf1NW\xf8p\xaah?\xae\xd1\x9e\x0b\xeb\
V\xfb\xb2\xd4\xa1\xbd1\xfa\x87\xb7\xb5\xfe8J\x95G\
\xd3\x90\xb1qp\xfc\xe5q`\xfc\x15m~\xf8\xb3q\
\xe4\xc4h\x1c|z\x94\xef\xdarL\xb7\xa5\xfa\x95\x05\
1h\xc5\xf7{\xf5\xfe\xce\xea \xda\x9fmn\x8e\xff\
hn\x8e#\xf7MS\x13\x11\xe7&\x93qQ2\x19\
3S\xa9\x82\xbd\xce\xac\xcff\xe3\xe5v\xe2\xf5\xab\x8d\
\x8d\xed~\xa0\xb1\x22\x22\xbe^Q\xd1\xe6\xe9\xf775\
\xc5S\x99\xf6\xdfH\xb5\xf71\xe1\x9ff2qe:\
\x1d\xd5\xad\xfc\x97\xa1:\x91\x88\x9b\xd3\xe9\xb8\xaf\x8d\xb8\
\xbf*\x95jsIQS.\x17\x0f\x94\xe0l\xfb\xf2\
l6\xfewS\x93?~\x8e-\xde\xa3w?\xb0\xfa\
\xe4\x93O\xe6\xae\xbc\xf2J/\xc0}\x80\x19\xf7>`\
\xe9\xd2\xa5\xa53\xd3\x9e*\xf3\x0b;Y\x9fl2\x8d\
\xd1\xef\xfdu1x\xd9\xb7b\xf0S\xff\xfa\xdb\xd9\xf9\
6\x1c*\x91\x0f\xaav\xb4\x0e\xfd\xe8h\x8f\x88\xd8\xf3\
\xbb\xd8\x9b\xdb\xdc\x1cw44\xc4\xbf56\xc6\xfa#\
v\xbd\xf8P\x07\xf1\xba'\x22v\xb6\xf3\xb5\xab\x83\xdb\
|\xa0\x83\xcb\xef\x8c\x88\xa6\x0e.\xff\xd3vn\xe3\xb5\
\xa9T\x8cle\x5c*\x22\xe2\xe6v\xde\xe8,\xcad\
b\x87?\x13N\xe6x\xef\xc5\x99\xf7\xbb\xef\xbe;\x96\
,Yb\xe6]\xb8S\x0c\xd1>w\xee\xdc\xd2\x88v\
\xf8\x9d\xfeo>\x1f\x95[W\xb5yz\xd3\xd0\xb1\xa5\
q?:\x08\xf7\x8e\xf6\x0c\xd3\x10\x11\xcfd\xb3\xf1\xe5\
\x86\x86\xf8\xe7\xc6\xc6x\xba\xb99Vf2E\x7f\xbf\
\x1f\xcfdb\xc7\x11o6\x8e\x94N$Z]\x0e\xf3\
\xb1T*\x06\xb51\xdb~0\x97+\xda\xe5A\xd0W\
\xe2\xfd[\xdf\xfaV<\xf1\xc4\x13\xe2]\xb8#\xda\xa1\
\xeb*\xb6\xaeh\xf3\xb4L\xd5\x90\x92\xb8\x0f\x0d\x1d\x9c\
\xfe\x99\xb2\xb2\xe8\xd4\xff\x98\x12\x89X\x95\xcd\xc6\xbf\x97\
\xc8n\x10\x9b\x22\xda]\xd62+\x99\x8c\x09G\xdc\x8f\
\x9a\x88\xf8X;k\xdb\x1fin\x8e}\xfe$ &\
\xa5R\xf1\xf7eeQ\xd1K\xd7\x7f\xcf=\xf7X\xf3\
.\xdc\x11\xed\xd0\x8d'\x9f\xfa=m\x9e\x96K\x96\xc6\
\xc7o\xdenc\xd6\xb9%`S\xa9\xf8_\xe5\xe5q\
E2\xd9k\xb3h'\xca\xd3\x99Lli\xe3\xfe'\
\x12\x89\xb8\xf5\x88]>\xde\x9cN\xb7y\xd0\xa8]\xd9\
l,,\x81\xff2\xc0\xf121\x95\x8a/\xf7b\xbc\
\xfb\xc0ji\xf3\xe1\xd4R|\xc1|\xfa\xe9\xdc\xbf\xfd\
\xdb\xbf\x89vJZ\xae\xbc\xaa\xed\xa8o:t\xec\x8f\
\xe5\x8a\x81\xd18\xf8\xf4\xae\xbf\xa1h\xd8\x17\xe9\x83\xbb\
:u\xdeU\xd9lt\xb4\xe7\xf9Q\xc9d|\xae\xbc\
<>\x9d\xcb\xc5\xcal6Ve2\xb1:\x9b-\xf9\
\x19\xe6\x5c\x22\x11?hj\x8a\xbf\xeb\xd7\xfa\x82\xa0\xf1\
\xc9d\x5c\x9cL\xc6\xa6l6\xaejgm\xfb\x83\xcd\
\xcd\x1d\xfe\xe7\xa2\x98UE\xc4\xe9\xdd\xf8/I}.\
\x17\xef{\x1a\xa0\x0d\xe7\xa6R\xf1\xe5\x88\xf8\xa7\xa6\xa6\
8\xd4\x0b\xd7?w\xee\xdcx\xfa\xe9\xa7s\x1f\xfe\xf0\
\x87}`U\xb8\xd3\xdb\xc6\x8c\x19\x13\x95\x95\x95Q_\
_o0(Y\x0d#\xcei;\x9e\x0f~p\xcc\xd7\
\x7fp\xfc\xe5qp\xfc\xe5]\xbe\x5c\xf5\xab\x8f\xc5\xa0\
\xe5\xdf\xed\xd4y\x97g\xb3\xf1N6\x1b\xa3;q\xf0\
\xa5\xcaD\x22.M\xa5\xe2\xd2T*\xb2\xb9\x5c\xac\xcf\
\xe5\xe2\xf9L&\x9e\xcbdbW\x89\xfe\x0eW\xe5r\
\xb1&\x93is\x97\x98\x7f\x9aN\xc7\x9b\xd9l\xa4\xdb\
\x08\xdbm\xd9l<\xd9\xc1\x7f-\x8a\xdd\x85\xa9T\x5c\
\xd8\x85\xa3\xc6\x1e\xb6\x22\x93\x89\xff\xcb\xdeh8Qo\
8\xab\xaab\xcc\x981\x06\xa2\x04Y*S\x82\xc6\x8d\
\x1b\x97\xa8\xab\xab\x8b\xca\xca\xca\x9e\x7f@4\x1f\x8aa\
\x8b\xff)\xca\xb7\xaf5\xd0\xf4\x9a\xa6\x9a\xd1q\xb0\x9d\
\xa3\xa4\x96}\xb0\xb9$\xeeG&\x22\xbe\xde\xd4\x14\x0d\
]\xdc\xf7x2\x91\x88\x09\xc9d|\xba\xac,\xee\xe9\
\xd7/\xfe\xb6\xac,j\x13\xa59\xf1\xf5\xfd\xe6\xe66\
\xf7\x104\x22\x99\x8c\x99\xed\xacm\xbf\xbf\xb99,\x92\
\x81Bk3\x99^\x9bm\xaf\xaa\xaa\x8a\xbb\xee\xba+\
\xc6\x8d\x1bg\xb6]\xb8s\xbc\xe3\xbd\xba\xbaZ\xbcS\
2r\x11q\xf0\xb4i\xf1\xfe\xf5u\x11\xe9\xb6W}\
W\xbe\xb5\xaad\xee\xd3\xc6\x5c.\xfeGcc\xec\xea\
\xe6\x81\x83\x92\x89DLO\xa5\xe2_\xca\xcb\x7f\xbb\xbb\
\xc4\x12;\x00\xd1\x86\x5c.\x96wc\x8d\xfa\x1b\xd9l\
<W\xe2\xb3\xed \xda9\xde,\x95)\xf1x\xdf\xb4\
iSn\xce\x9c9\xb1\x7f\xff\xfe^\x89w\xeb\xdd\xe9\
\x8alyU|\xf0\x07\xffG+\xa7$\x22[^\x15\
MC\xce\x88l\xd5\xe0v\xaf\xa3|\xfb\xabQ\xb6\xe7\
\xed\x92\xba\xdf\xaf\xe5r\xf1\xd7\x0d\x0dq}*\x15\xd7\
\xa4\xd31\xb4\x1b\xb3\xe7\xc9D\x22\xfe\xb8\xac,\xaa\x13\
\x896\x0f`T\xac~\x98\xc9\xc4\x8cT*R]\xb8\
\xdf?\xb0L\x04D;\xc2\xfddS[[+\xde)\
\x1e\xa9\xb2\xa8?\xf3\x92c(\xffl\xd4\xfc\xe6\xfb%\
y\xd7\xeb#\xe2'\x99L<\x9c\xc9\xc4\x94d2>\
\x94L\xc6\xd4T*\xfau1\xe2oH\xa7c}6\
\x1b\xcbJh6z[.\x17Od2qm\xbas\
/)/e2\xed\x1e\x1d\x16D\xbbhG\xb8\x8b\xf7\
c\x8a\xf7\xbf\x8b\xc6\x91\x13\x0d6\xbdj\xe0\xca\xff\x8c\
~\xef\xaf\xef\x99\xf7\x10{\xb7G\xd9\xee\xb7\xba\xfe\xa4\
\xb8s\xcb1\xfd\xdclD\xac\xccfce6\x1b\xe5\
\xcd\xcd19\x99\x8c\x0b\x93\xc9\x98\x94Lv\xeaC\xac\
\x11\x11\xb7\xa4\xd3\xf1|cc\x94\xd2B\x92\x07\x9b\x9b\
\xe3\xc3\xa9TTt\xf0F%\x97\xcb\xc5\x0f\xfa\xd0\xc1\
\x96v\xe6r\xb1\xb1\x1bo\xb2\xd6[&\xc4\x11^\xeb\
\xc5h\xaf\xae\xae\x8e\xba\xba\xba\xa8\xad\xad\x15\xed\xc2\x9d\
\x93&\xde\x17\xfd\xcf\xd8q\xf5\x7f\x8f\xc6\xd1\x93\x0c6\
=/\x9b\x89\x81+~\x10\x03_Y\xd0cWY\xf9\
\xe6\xafb\xd0\x8a\x13;{\xdf\x18\x11+\xb2\xd9X\xf1\
\xbbH\x1b\x11\x11W\xa6\xd3\xf1\x91\x0ef\xe2\x87'\x93\
1>\x91\x88\xd7JhVzwD<\xda\xdc\x1c7\
\x97\xb5\x7f\xc8\xa9\xe72\x99\xd8\xd8\x87f\xdb_\xcbf\
\xe3\x7f[\xf6\xc31X\x97\xc9\xc4?\xf7R\xb4\xd7\xd4\
\xd4D]]]\x9c~\xfa\xe9\xa2\xbd\x8f\xf0\xe1\xd4>\
\x16\xef\xbd\xf6\x81\xd5Lc\x0c[\xf2/Q\xfe\xce\xcb\
\x06\x9a\x9e\x9d=\xd8\xb5%NY\xf0\xf7=\x1a\xed\xc7\
\xf3\x09\xf4\x9ad\xe7\x9fF\xdf\x8d\x88\xffln\x8e\xbf\
\xed\xc4\x87Y\xcfL\x96\xde\xd3\xf3#\x99L\xeci\xe7\
~5\xe7rq\xbf\x83-A^\xb4\xff\x8f\xa6\xa68\
(\xda\x11\xee\xe2]\xbcS\x0ar\xe9\xca(\xdb\xf3V\
I\xde\xf6\xcb\x92\xc9\xb8\xbd\xbc<\xbe\x5cV\x16C\xba\
p\xb9wr\xb9x\xb8\x83\xe5\x22\x03Jp<\x0eE\
\xb4\xbb\x87\x99\xf7r\xb9\xd8nm;\xe4E{o\x1c\
\x91E\xb4\xf7]\x96\xca\xf4\xd1x\xef\xb5e3\xbf\x8b\
w\xcbfhM\xa2a\x7f\x0c[\xf2\xcf\x85q\x9e\xea\
\x17\x1f\x5c\xfd\xdf\x22\x97.<\xcaff\xc0)\xb1\xf7\
\xa2O\xc5\xa0_\xcf/\xa9\xfb\x9a\x8c\x88\x9b\x7f\xf7a\
\xcc)\xa9T\xfck2\x19\x0f77\xc7\xc2L\xa6S\
G\x02\xdd\xdfA\xc0\x96\xea\x0ah+\xb7\xa1ck\x7f\
\xb7<F\xb4\xd3\x9d\xd7\x1e\xfah\xbc\x9by\xe7\xb8\x87\
{6\x13\xfd\xde[W\xf0U\xb1\xed\xe5\xe8\xbf\xe6\xb1\
\xb6#v\xe2G\xa2a\xd8Y%u_?\x94L\xc6\
\xc8#\x96\xb3T&\x12\xf1'\xbf;\xa0\xd2\x9f\xa6\xd3\
1\xba\x9d5\xec\xe9\x88\xb8\xa2\x83\xa3m\xbegf\x1a\
\xfal\xb4\xff\x93h\xa7\x9b\xcc\xb8\xf7\xf1x7\xf3N\
\xb1\x18\xf8\xf2#q\xe0\x9ck\x22\xd7\xaf\x7f+\x0f\xa8\
d\xec\xba\xe4\xb31\xe2g\xff-\x12\xb9\x9e\x99\xb3m\
\x1a|z\x1c8\xfb\xf2n_\xbel\xd7\x96(\xdf\xf1\
F\xab\xa7\xa5\xe2\xf7\xb3\xedG\xabN$\xe2\xc6t:\
nL\xa7\xe3\xadl6^\xc9fcK6\x1b{\xe2\
\xb73%\xa3\x13\x89\xf8P*\x15c\xdaY\xc3\x9e\xcb\
\xe5b\x8d\xbd\x8etK\xff\x88\x98\xd3\xc1\x07d\x8f\xf6\
H&\x13\xab\xba9\xde\xc3\x13\x89\xb8\xfc\x18>\x8f\xf0\
~.\x17\xafx\x93v\xd2E\xbb\x0f\xa2\x22\xdc\x11\xef\
\x14\xb5d\xe3\x81\x18\xf0\xf2#\xb1w\xda-\xad\x9e\xde\
<tl\xec;\xffc1\xf0\xe5Gz\xe4\xe75\x9c\
6%\x1aN\x9b\xd2\xed\xcbW\xbf\xfc\xb36\xc3\xfd\xc3\
\xc9d\x8c\xe8D\xac\x9d\x9aL\xc6\xa9\xdd\x88\xba\x17\xb2\
\xd9\xd8\xe1!\xd3\xbd\x17\xb5D\x22&v\xf0\xdf\x8c\xa3\
=s\x0co\x92\xc6%\x931\xae\xbc\xbc\xdb\x97_\x9e\
\xc9\xc4+\xf6J#\xdaE;\x9d}-5\x04'G\
\xbc\xd7\xd5\xd5EUUU\xcf?\x80,\x9b\xa1+1\
\xfc\xeac\x91<\xb8\xab\xcd\xd3\xf7N\xf9/\xd14`\
D\xd1\xdf\x8fM\xb9\x5cl\xef\xa5\x19\xf1C\xb9\x5c\xc9\
\x1d9\x15\x10\xed\x08wz8\xde\xef\xba\xeb.\xf1\xce\
\x89}\xc2in\x88\x01\xab\x1fj\xfb\x0c\xe9~\xb1\xfb\
\x92;\xa3\xd8\x17\x0el\xca\xe5\xe2o\x1b\x1bcas\
sdzp\x99CC.\x17\xff\xab\xb11\xb6Y:\
\x01\xa2]\xb4#\xdcOn\xe3\xc6\x8d\x13\xef\x9cp\xd5\
\xeb\x9e\x88\xd4\xbew\xdb\x8e\xd7\xd1\x93\xe2\xe0\xb8?(\
\xfa\xfbQ\x1f\x11\xf757\xc7\xff\xd9\xd0\x10\xcf47\
G\xf31\xc6\xf6\x96l6\xbe\xd2\xd8\x18\xabE;\x88\
v\xd1\x8epG\xbcS\x0c\x12\xd9L\x0c\x5c\xf5\xa3v\
\xcf\xb3{\xc6\xad\x91\xa9\x18X\x12\xf7\xe7\x9d\x88\xf8\xb7\
\xe6\xe6\xf8lCC\xfc\x7fMM\xb1>\x9b\x8d\x5c\x17\
\xe2{S6\x1bs\x1b\x1b\xe3\xbf66\xc6\x9b\xa2\x1d\
D\xbbh\xa7\x1d>\x9cz\x92\xc6\xfb\x86\x0d\x1br_\
\xfd\xeaW\xe3\xe0\xc1\x9e=^\x9b\x0f\xac\xf6}\x15o\
\xad\x8ed\xe3\x81\xd6\xa3\xbc\xa9\xa1S\xd7Q\xb5\xf1\xd9\
\xc8\xf4\x1f\x1a\x91j\xfb)\xa8\xa9fL\xa4\x0e\xedm\
\xf7z\x06\xbc\xf4pD\xba\xacW\xeeg\xf9\xbb\xafw\
\xe9\xfc{\x22\xe2g\x99L\xfc,\x93\x89\x01\x11qv\
2\x19c\x13\x89\x18\x9eH\xc4\xc0D\x22\xfaED.\
\x22\x0eF\xc4\x07\xd9ll\xc9\xe5\xe2\xd5l6\xde\xed\
\xe1\xdb\xdd\x14\x11?jg\x8d\xfc\x86^\xde[\xcd\x0b\
\xd9l\xeck\xe3\xe7\xef\xeb\xa17&\xab\xb3\xd98\xd0\
\x83\x9f\x03\xd8\xd8\xc1\x98,\xcedbP/\x8d\xdb[\
\xf6\x1e$\xdaE;]\xe0\x97~\x12\xdb\xb0aCn\
\xce\x9c9Q_\xdf\xf3{\x93\xcd\xa6\xca[\x8d\xf7Q\
?\xbc=R\xf5\xbb\x0d>\x00%oPD\xcc\xab\xa8\
\x10\xed\x1c7\x96\xca\x9c\xc4\xc6\x8d\x1b\x97\xa8\xab\xab\x8b\
\xca\xca\xca\x9e\x7f`Y6\x03@\x1fw\xf4\x8e<E\
;\xc2\x1d\xf1\x0e\x00E('\xda\x11\xee\x88w\x00(\
\x1d\xa2\x1d\xe1\x8ex\x07\x00\xd1.\xdai\xe1\x81@\x9e\
\xde\xfe\xc0j\x22r\x91\xc88\xbc7\x00\xa5/\x15\x11\
e\x11\xa2\x1d\xe1N\xdf\x8cw\x00@\xb4#\xdc\x11\xef\
\x00 \xda\x11\xee\x88w\x00@\xb4#\xdc\x11\xef\x00 \
\xdaE;\xed\xb0W\x19\xda\xd5\x9b{\x9b\x01\x00\x22\xaa\
\xab\xab\xe3+_\xf9\x8ah\xa7C\x1e t\x8a\x99w\
\x00\xe8\x9dh\xaf\xab\xab\x8b\xda\xdaZM\x86pG\xbc\
\x03\x80hG\xb8#\xde\x01\x00\xd1\x8epG\xbc\x03\x80\
h\x07\xe1\x8ex\x07\x00\xd1\x8epG\xbc\x03\x00\xa2\x1d\
\xe1\x8ex\x07\x00\xd1\x8ep\x07\xf1\x0e\x00\xa2\x1d\xe1\x8e\
x\x07\x00\xd1\x0e\xc2\x1d\xf1\x0e\x00\xa2\x1d\xe1\x0e\xe2\x1d\
\x00D;\xc2\x1d\xf1\x0e\x00\xa2\x1d\x84;\xe2\x1d\x00D\
;\xc2\x1d\xc4;\x00\xa2]\xb4#\xdc\x11\xef\x00 \xda\
\x11\xee \xde\x01@\xb4#\xdc\x11\xef\xe2\x1d\x00\xd1\x0e\
\xc2\x1d\xf1\x0e\x00\xa2\x1d\xe1\x0e\xe2\x1d\x00D;\xc2\x1d\
\xf1\x0e\x00\xa2\x1d\x84;\xe2\x1d\x00D;\xc2\x1d\xc4;\
\x00\xa2\x1d\x84;\xe2\x1d\x00D;\x08w\xc4;\x00\x88\
v\x84;\x88w\x00D;\x08w\xc4;\x00\x88v\x84\
;\x88w\x00D\xbbhG\xb8\x83x\x07@\xb4\x83p\
\xa7O\xd8\xb4iSn\xce\x9c9\xb1\x7f\xff~\x83\x01\
\x80h\x07\xe1\x8ex\x07\x00\xd1\x8ep\x07\xf1\x0e\x80h\
\x07\xe1\x8ex\x07\x00\xd1\x8ep\x07\xf1\x0e\x80h\x07\xe1\
\x0e\xe2\x1d\x00\xd1\x0e\xc2\x1d\xf1\x0e\x00\xa2\x1d\xe1\x0e\xe2\
\x1d\x00\xd1\x0e\xc2\x1d\xc4;\x00\xa2\x1d\x84;\xe2\x1d\x00\
\xd1n4\x10\xee \xde\x01\x10\xed \xdcA\xbc\x97\x96\
\x01\x03\x06Deee\xde\xb6={\xf6DCC\xc3\
1_w2\x99\x8cSN9%jjj\x22\x95J\
\xc5\xa1C\x87\xe2\xbd\xf7\xde\x8b\x03\x07\x0e\xb4{\xb9\xb2\
\xb2\xb2\x18<xp\xb7~\xe6\xee\xdd\xbb\xa3\xb1\xb1\xb1\
\xcb\x97\x1b:th\xa4R\xa96O\xcff\xb3\xd1\xd0\
\xd0\x10\x07\x0e\x1c\x88l6\xdb\xe9\xeb\x1d>|x\xde\
\xf7\x8d\x8d\x8d\xb1{\xf7\xee6\xcf\xdf\xbf\x7f\xff\xe8\xdf\
\xbf\x7f\xde\xb6\x9d;wFsss\xcb\xf7\xfd\xfa\xf5\
\x8b\x9a\x9a\x9a\xbc\xf3\xec\xdd\xbb7\x0e\x1d:\xd4\xeem\
\x194hP\x94\x97\x97\xb7|\x9f\xcb\xe5\xe2\xfd\xf7\xdf\
\x8f\x88\x88t:]p[\xbb\xa2\xa1\xa1!>\xf8\xe0\
\x83\x0e\xef\xcb\xae]\xbb\xa2\xa9\xa9\xa9\xd3\xe3\xd5\xd0\xd0\
\x10{\xf6\xeci\xf5\xbc#F\x8c(\xf8\x9d\xed\xda\xb5\
+\xea\xeb\xeb;\xbc\xbd555\x05\xb7\xed\xe0\xc1\x83\
\xed\xfen\x10\xed\xd0\x19iC@\xa9\xab\xad\xadM\x88\
\xf7\xe2t\xfb\xed\xb7\xc7\xd0\xa1C\xf3\xb6=\xff\xfc\xf3\
\xf1\xe8\xa3\x8fv\xfb:O=\xf5\xd4\x98={v\x9c\
s\xce9\xd1\xaf_\xbf\xbc\xd3r\xb9\x5cl\xdf\xbe=\
V\xae\x5c\x19+V\xach5\xe2\xc6\x8c\x19\x13\xb7\xdf\
~{\xb7~\xf6\xfc\xf9\xf3c\xdd\xbau]\xbe\xdc_\
\xfc\xc5_\xc4\xa0A\x83:<_sssl\xdb\xb6\
-^z\xe9\xa5X\xb1bE\xbbo\x12\x12\x89D\xfc\
\xf5_\xffu\xde\xb6\x0d\x1b6\xc4w\xbf\xfb\xdd6/\
s\xc9%\x97\xc4\x87?\xfc\xe1\xbcm\xf7\xdcsOl\
\xdd\xba\xb5\xe5\xfbT*\x15w\xdeygTTT\xb4\
l[\xbf~}\xdcw\xdf}\xedF\xfb\x17\xbf\xf8\xc5\
H\xa7\x7f\xff\x92\xf2\xd2K/\xc5\x03\x0f<\x10\x11\x11\
\xa7\x9crJ|\xe1\x0b_8\x967\xe7q\xef\xbd\xf7\
\xe6m\x9b5kV\x5cq\xc5\x15y\xdb\xbe\xfd\xedo\
\xc7\xe6\xcd\x9b[\x7f\xb1K\xa7\x0b\xc6k\xdd\xbau1\
\x7f\xfe\xfcV\xcf\x7f\xeb\xad\xb7\x16\xfc\xceV\xadZ\x15\
\x0f=\xf4P\xbb\xb75\x91H\xc4_\xfe\xe5_\x16<\
\xee;sYD;t$i\x08\xe8+\xf1^WW\
\x17\xd5\xd5\xd5\x06\xa3HL\x980\xa1 ^\x22\x22.\
\xba\xe8\xa2\xbc\x99\xd9\xce*++\x8b\x9bn\xba)>\
\xfb\xd9\xcf\xc6\x05\x17\x5cP\x10\xed\x87\xa3i\xd4\xa8Q\
\xf1\xd1\x8f~4\xfe\xe6o\xfe&\xce;\xef\xbc\xd2\x9a\
II\xa7\xe3\xb4\xd3N\x8b\x1bn\xb8!\xfe\xea\xaf\xfe\
*\xc6\x8c\x19s\xdco\xc3\xc1\x83\x07\xe3\xd9g\x9f\xcd\
\xdbv\xf6\xd9g\xc7\xd9g\x9f\xdd\xe6e\xae\xba\xea\xaa\
\xbch\xcfd2\xb1d\xc9\x92>\xf7\x98\x9e<yr\
\x0c\x180\xa0\xdd\xf3L\x9c8\xb1\xd5\xc7=\xa2\x1d\x84\
;\x88\xf7\xa2u\xf1\xc5\x17\xb7\xba\xbd_\xbf~1e\
\xca\x94.]WEEE\xdcv\xdbm1m\xda\xb4\
H$:\xf7\xfa;`\xc0\x80\xb8\xe5\x96[\x0afe\
K\xc5\xe0\xc1\x83\xe3\xd3\x9f\xfet\xa7f\xea{\xda\xb2\
e\xcbb\xef\xde\xbdy\xdb\xae\xbb\xee\xbaV\xc7~\xe4\
\xc8\x91q\xc1\x05\x17\xe4m\xfb\xcdo~\x13;w\xee\
\xecs\x8f\xe9t:\x1d\xb3g\xcfn\xf7<\x97^z\
\xa9?~\xd1\x0e\xbd\xf7<d\x08\xe8k\xf1n\xd9\xcc\
\x89w\xca)\xa7\xc4\xb8q\xe3\xda<}\xd6\xacY\xf1\
\xab_\xfd\xaaS\xd7\x95H$\xe2\x96[n\x89SO\
=\xb5\xe0\xb4\xa6\xa6\xa6\xd8\xbauk\x1c8p j\
jj\xe2\xd4SO\x8dd\xf2\xf7\xf3\x11\xb9\x5c.\xb6\
m\xdb\xd6\xee\xf5755\xc5\x0b/\xbc\x90?\xa3\x91\
L\xc6\xd4\xa9S\xf3B5\x93\xc9\xc4\xf6\xed\xdb{d\
|\x0e\x1d:\x94\xf73\x13\x89D\x0c\x1c80\xce>\
\xfb\xec(++k\xd9^UU\x15W_}u\xfc\
\xf8\xc7?>\xae\xbf\xbf\xa6\xa6\xa6X\xbati\xdcx\
\xe3\x8dy\x81~\xd1E\x17\xc5\xca\x95+\xf3\xce{\xed\
\xb5\xd7\xe6\x8dyccc<\xf5\xd4Sy\xe7\xa9\xaf\
\xaf\x8f\x17_|\xb1\xe0\xe7\x9cv\xdai1d\xc8\x90\
\xbcmk\xd7\xae-X\x22tx\xad|1\x981c\
F\xfc\xe2\x17\xbfh\xf5s\x1ag\x9cqF\x9c~\xfa\
\xe9\x9e\x00D;\x08w\x10\xef\xa5\xe3\xe2\x8b/\xce\x8b\
\xde\x03\x07\x0e\xe4}Xo\xf8\xf0\xe1q\xe6\x99g\xc6\
\xc6\x8d\x1b;\xbc\xae\x993g\xc6Yg\x9dU\xb0}\
\xf9\xf2\xe5\xb1d\xc9\x92\xbc\x0fM\xd6\xd4\xd4\xc4u\xd7\
]\x17\x93'O\x8e\x88\x88E\x8b\x16\xc5\xda\xb5k\xdb\
\xbd\xfe\x86\x86\x86x\xe4\x91G\xf2\xb6M\x9a4)\xa6\
M\x9b\x96\xb7\xed\xe5\x97_.\x98\x85\xee\xae\x03\x07\x0e\
\xb4\xba\xce\x7f\xf0\xe0\xc1q\xfb\xed\xb7\xe7}8t\xe2\
\xc4\x89\x91J\xa5\x22\x93\xc9\x1c\xd7\xdf\xe1\xca\x95+\xe3\
\x92K.\x89SN9\xa5e\xdbUW]\x15/\xbd\
\xf4R\xcbg\x07\xce<\xf3\xcc\x18?~|\xde\xe5\x96\
-[V\xf0w\xb7{\xf7\xee\xf8\xd1\x8f~T\xf03\
>\xf1\x89O\x14\x84\xfb\xc2\x85\x0bc\xd7\xae]E\xfb\
\xd8\xae\xa8\xa8\x88i\xd3\xa6\xc5\xb2e\xcb\x0aN3\xdb\
.\xda\xa1\xb7Y*C\x9f\x8dw\xcbfN\x5c\xd8\x1c\
\xbd\x14f\xe1\xc2\x85\xb1o\xdf\xbe\xbcm\xb3f\xcd\xea\
\xf8\x09*\x99,\xf80eD\xc4SO=\x15\x0b\x16\
,(\xd8\xd3\xc9\x9e={\xe2\x81\x07\x1e\x88\x85\x0b\x17\
\xc6\x8a\x15+\x0a\xd6jw\xd6%\x97\x5cR\xb0\xad\xb5\
P\xebi\xbbv\xed*\xb8\xcd\xe5\xe5\xe5'd\xb9L\
6\x9b\x8d\xc5\x8b\x17\xe7m\x1b8p`\x5cv\xd9e\
-\xdf_{\xed\xb5\x05oH\xba;\xe6\xa5d\xf6\xec\
\xd9y\xffe\x88\x88\x186lX\x9c{\xee\xb9\x9e\x00\
D;\xf4*3\xee\xf4\xe9x7\xf3~\xfcM\x9b6\
-\xef\xc3\xa7\xfb\xf7\xef\x8fW^y%F\x8e\x1c\x19\
\x1f\xfa\xd0\x87Z\xb6\x9f{\xee\xb9QSS\xd3\xe6\xee\
\xf8\x22\x22\xc6\x8e\x1d\x1b\x03\x07\x0e\xcc\xdb\xf6\xee\xbb\xef\
\xc6\x93O2\x12\xd0\xf4\x00\x00\x18\xc8IDAT>\
\xd9\xeemx\xee\xb9\xe7\xda<\xed\x9dw\xde\x89\xbb\xef\
\xbe\xbb\xe5\xfb\xa3g\xb2\xcf8\xe3\x8c8\xed\xb4\xd3\xf2\
\xb6m\xda\xb4)\xdey\xe7\x9d\xe32~\xad\xcd6\xb7\
\xf6A\xdc\xe3\xe1\xd5W_\x8d-[\xb6\xe4-\xff\xb8\
\xec\xb2\xcb\xe2\xd7\xbf\xfeu\xd4\xd6\xd6\x16,_jk\
\x09I_\xb0\x7f\xff\xfe\x96\x89\x80A\x83\x06\xc5\xe4\xc9\
\x93c\xf5\xea\xd5yo\xf6\x8e\xfc/\xd3\x91\xe7G\xb4\
\x83p\x07\xf1^t\x12\x89D\xc1L\xfa\xea\xd5\xab#\
\x93\xc9\xc4\xca\x95+\xe3\xb2\xcb.k\x89\x9bd2\x19\
3g\xce,\x98\xd5=Rk\xeb\xda_x\xe1\x85\xc8\
\xe5r\xdd\xbe\x8d\x8d\x8d\x8d\xf1\xd6[o\xb5yzk\
\xcb\x1d~\xf9\xcb_\x1e\xb71lmv\xbd3\xfb\x0e\
\x8f\xf8\xedR\x9b?\xf8\x83?h\xf3\xf4\xee\xac\xbf\xfe\
\xf9\xcf\x7f\x1ew\xdcqG\xcb\xf7\xe5\xe5\xe5q\xed\xb5\
\xd7\x16\x5c\xd7\xee\xdd\xbb;\xfd\xb9\x85\xde2e\xca\x94\
\xa8\xad\xadm\xf5\xb4\xa3g\xc8\xbb\xea\xd7\xbf\xfeu\x5c\
~\xf9\xe5-\x8f\xdfK/\xbd\xb4%\xdc\xfb\xf7\xef\x9f\
\xf7_\xa6={\xf6\xc4\xfa\xf5\xeb\x0b\x96[!\xdaA\
\xb8\x83x/\x1a\xe7\x9csN\xde\xc1\x8dr\xb9\x5c\xac\
X\xb1\x22\x22\x22v\xec\xd8\x11[\xb6l\x893\xce8\
\xa3\xe5\xf4i\xd3\xa6\xc5\xd2\xa5K\xf3\x0e\x00t\xa4\xa3\
\x0f\x04\x14\xf1\xdb\x19\xf7\xde2d\xc8\x908\xe7\x9cs\
\xf2\xb6\xed\xd8\xb1#^\x7f\xfd\xf5\xe3\x16\x1fG/\xd3\
\xa9\xaf\xaf\xef\xf4\x81{\x86\x0e\x1d\x1aW_}u\x8f\
\xde\xa6\xcd\x9b7\xc7\xda\xb5k\xf3\x96\x81\x5ct\xd1E\
\x05\xe7{\xe2\x89'\x8e\xfb:\xfc\xa3M\x9f>\xbd\xd7\
\xae{\xc7\x8e\x1d\xb1n\xdd\xba\x980aBDD\x8c\
\x1a5*\xc6\x8d\x1b\x17\x1b6l\x88\x8b/\xbe8\xef\
C\xc5\xbf\xfa\xd5\xafZ}\xec\x22\xdaA\xb8\x83x/\
\x1aG\xef*o\xf3\xe6\xcdy{\x04Y\xb1bE^\
\xb8\xf7\xef\xdf?\xce?\xff\xfc\xbc%\x07Gjm\xf7\
\x83]9\xb2hwn\xff\xd13\xb3\xcf=\xf7\xdc1\
\xcd\xf0\xb7\xa6\xb2\xb22of<\x91HDMMM\
\x9cw\xdeyQUU\x95w\xdeW^y\xa5\xc7\x7f\
~W-^\xbc8&L\x98\xd0\xe6\xac\xf5\xf6\xed\xdb\
\xdb\xfc\x1d\xf6%\xcf=\xf7\x5cK\xb8G\xfcv\xd9\xd0\
\xe6\xcd\x9bc\xe6\xcc\x99-\xdb\x9a\x9a\x9a\xe27\xbf\xf9\
M\x5cu\xd5U\x9e\x10D;\x08w\x10\xef\xc5i\xe4\
\xc8\x91\x05\xcb\x14\x0e\xcf\xb6\x1f\x19\xa1\x1f\xfd\xe8G\xf3\
\xd6l_|\xf1\xc5mF\xdf\xc1\x83\x07\x0b\xb6\x0d\x1b\
6,6l\xd8\xd0\xe3\xb7\xbf\xb2\xb22\xa6N\x9dZ\
\xf0\xf3W\xadZ\xd5\xe3?\xeb\xf0n\x1e;r\xe0\xc0\
\x81\x0e\xd7\xf3\x1f\x0f\xef\xbd\xf7^\xacZ\xb5\xaa\xcd\xa5\
\x1f\x8b\x17/>\xe1o.\x8e\x87\x0d\x1b6\xc4{\xef\
\xbd\x17\xc3\x87\x0f\x8f\x88\x88\xb3\xce:+n\xb8\xe1\x86\
\xbc7[\xabW\xaf\x8e\x83\x07\x0f\x9e\x14\xe3!\xdaA\
\xb8\x83x/QG\xef\x022\x22b\xcc\x981-\x91\
sd\x8c\x1e\x19\xee\xa7\x9ezj\x9cz\xea\xa9\xad\xae\
;om\xbf\xe9\x93&M\x8a\xe5\xcb\x97\xf7\xf8\xed\x9f\
1cF\xc1\x11]\x7f\xfd\xeb_\xb7\xec\xfa\xf0x\xdb\
\xb3gO|\xff\xfb\xdf/\xd8\x1bO{\xde~\xfb\xed\
x\xfc\xf1\xc7\xdb<}\xfa\xf4\xe9\x05\x07K\xea\xac\xa5\
K\x97\xc6\x05\x17\x5c\x90\xb7$$\x22\xe2\xcd7\xdf<\
nK\x89:\xb2`\xc1\x826\x97R\xa5R\xa9\xf8\xcc\
g>s\xcc?\xe3\xb9\xe7\x9ek\xd9\xbf}\x22\x91\xc8\
[\x9e\x93\xcb\xe5\xda\xfd`4\xa2\x1d\x84;\x88\xf7\x13\
\xae\xaa\xaa\xaa\xd5 l\xeb\xe8\xa9G\x9b5kV<\
\xf8\xe0\x83\x05\xdb\xdfx\xe3\x8dhnn\x8et\xfa\xf7\
OUc\xc7\x8e\x8d\x0b.\xb8\xa0\xd5\x03\xfa\x1c6l\
\xd8\xb0\xa8\xa9\xa9\x897\xdex\xa3S??\x95J\x15\
|\xa8\xb6\xb9\xb9\xb9W\xde tFSSS\xdc}\
\xf7\xdd]\x8a\xf6\x88\xdf\xae\x87\xdf\xb4iS\x9b\xa7\x9f\
}\xf6\xd9\xc7\xf4Fb\xc5\x8a\x15\x05\xbf\xd3b\xda\xfd\
\xe3\xb6m\xdbb\xf3\xe6\xcd\xad\xbf\xd8\xa5{\xe6\xe5n\
\xf5\xea\xd5q\xcd5\xd7\x14,i:\xfcx}\xef\xbd\
\xf7Z\x22\x1e\xd1\x0e=\xcd~\xdc9i\xe3\xdd~\xde\
{\xce\xf4\xe9\xd3\x0bfb\xbbb\xd2\xa4Iy\x07h\
:2D[[F\xf3\x89O|\xa2\xd5\x0fH&\x12\
\x89\x98:uj|\xf6\xb3\x9f\x8d?\xfb\xb3?\x8b\xb1\
c\xc7v\xfa\xe7\x1f\xbd\xdb\xc9\x97_~\xb9\xcb\xe1\xdc\
\x95\x08\xbe\xf7\xde{[\xbe\x8e>\x00TYYY\xab\
\xfb\xaf?\xd1Z\x1b\x8f\xa3\xf7\xa5\xdf\xd7\x1d^\xc3\xde\
\x1a\xb3\xed\xa2\x1dz\x9b\x19wN\xeax7\xf3\xde\x03\
\xef\xfe\x7f\xb7[\xc7cz\x22J\xa7c\xda\xb4i\xf1\
\xf4\xd3O\x17\x9c\xf6\xc4\x13O\xc4\xc4\x89\x13\xf3f8\
\xd3\xe9t\xfc\xd1\x1f\xfdQ\x5cr\xc9%\xb1~\xfd\xfa\
8p\xe0@\xd4\xd4\xd4\xc4\x84\x09\x13\xf2\x8e\xc4\xf9\xe7\
\x7f\xfe\xe7\xf1\x9d\xef|'\xde~\xfb\xedv\x7f\xfe\xd1\
\xbb\x80\xcc\xe5r\xbdz\xc0\xa5\xe6\xe6\xe6\xbc\x99\xf1M\
\x9b6\xc5\xa4I\x93\xe2\xcc3\xcfl\xd96s\xe6\xcc\
X\xbdzu\xbb\xbb\xae\xe4\xc4X\xbe|y\x5cz\xe9\
\xa5\x91J\xa5Z\xb6\x1d\xcf\xbd\x0f\x89v\xd1\x8ep\x07\
\xf1.\xde\xbb\xe5\xbc\xf3\xce+\xd8\xf5\xdd\xe3\x8f?^\
\xf0\xc1\xd4#UVV\xc6\x17\xbf\xf8\xc5\xbc\xf0\x991\
cF<\xf3\xcc3\x05K\x0c\xf6\xed\xdb\x17\xf7\xdf\x7f\
\x7f\xdcz\xeb\xad\x05\xcb\x1dF\x8e\x1c\x19#G\x8el\
\xf3\xe7\x1c><}{\xe1~\xe6\x99g\xc6\xa8Q\xa3\
\xf2\xb6m\xdc\xb81\xb6m\xdbv\x5c\xc7q\xf1\xe2\xc5\
q\xe7\x9dw\xe6\xed\xe7\xfe\xa6\x9bn\x8ao~\xf3\x9b\
\xbd\xba'\x1d\xban\xef\xde\xbd\xb1f\xcd\x9a\x98<y\
r\xcb\xb6\xe7\x9f\x7f\xde\xc0\x88v\xe8u\x96\xca \xde\
-\x9b9&G\xafynjj\x8a\x95+W\xc6\xa1\
C\x87\xda\xfc\xda\xb5kW\xac]\xbb6\xefr\x83\x06\
\x0dj\xf3\x90\xf1o\xbc\xf1F|\xef{\xdfku/\
3m\xc9d2\xf1\xe4\x93O\xc6\xcf~\xf6\xb3v\xcf\
\xd7\xda\x01\x97zs\xb6\xbd-[\xb7n-\x18\x93\x91\
#G\xc6e\x97]\xe6AV\x84\x9ey\xe6\x99x\xe1\
\x85\x17\xe2\x85\x17^\x88U\xabV\x15\xec}\xc8\x1aw\
\xd1\x0e\xc2\x1d\xc4{Q\x19=zt\xde~\xd9#\x22\
\xd6\xacY\xd3\xa9#}\xae\x5c\xb9\xb2`\xdb\xd1\x1f\x10\
=:\xde\xbf\xf1\x8do\xc4\xaaU\xab\xda=\xd0O6\
\x9b\x8dW_}5\xbe\xf9\xcdo\xc6\xd2\xa5K\xdb\x0d\
\xa8SN9%\xc6\x8f\x1f\x9f\xb7\xed\xfd\xf7\xdf?a\
K\x1e\x96,YR0\xbb~\xf9\xe5\x97\xc7\xb0a\xc3\
<\xd8\x8a\xcc\xb6m\xdb\xe2\xc1\x07\x1f\x8c\x07\x1f|0\
\x1ez\xe8\xa1hll4(\xa2\x1dz\x9d\xa52p\
D\xbc[6\xd35\x15\x15\x15\x05\xfb\x19_\xb3fM\
\xa7.\xbb~\xfd\xfaX\xb2dI\xc1A}\xd2\xe9t\
\x9bGR\xdd\xb7o_<\xf4\xd0C\xb1h\xd1\xa2\x18\
?~|\x8c\x193&\x06\x0c\x18\x10\xc9d2\xf6\xef\
\xdf\x1f\xef\xbc\xf3N\xbc\xf6\xdak\xb1w\xef\xdeN\xdd\
\x86\xfe\xfd\xfb\xc7\xd2\xa5K\xf3\xb6\xbd\xf9\xe6\x9b=>\
N\xcb\x96-\x8b\x8a\x8a\x8a\x96\xef\xdbzc\xf3\xde{\
\xef\xc5\xc3\x0f?\x5c\xb0\xf4h\xe8\xd0\xa1\xb1c\xc7\x8e\
\xbcm\xb9\x5c\xae`\xecw\xee\xdc\xd9\xee\xed8\xbc\x97\
\x9e#\xed\xd9\xb3\xa7\xd3\xf7\xe3\xcd7\xdf,\xf8\x99\x9d\
=\xaakk\xd6\xae][p\xf9\xce\xbc\xe9\x8b\xf8\xed\
r\xa6\xa3\xdf\x94\xb5w[\xb2\xd9l\xc1m\xff\xe0\x83\
\x0f:\xfd;km\xd7\xa4\xedY\xb7n]\xde}9\
\xdeK\xafD;\xf4M\xfe\x18\xe0(\xe2\x1d@\xb4\x83\
p\x07\xf1\x0e\x80h\x07\xe1\x0e\xe2\x1d@\xb4\x83p\x07\
\xf1\x0e\x80h\x07\xe1\x0e\xe2\x1d@\xb4\x1b\x0d\x10\xee \
\xde\x01D;\x08w\x10\xef\x00\x88v\x10\xee \xde\x01\
D;\x08wC\x00\xe2\x1d@\xb4\x83p\x07\xf1\x0e\x80\
h\x07\xe1\x0e\xe2\x1d\xa0TTUU\xc5\x9c9sD\
;tS\xd2\x10@\xf7\xd4\xd6\xd6&\xea\xea\xea\xa2\xba\
\xba\xda`\x00t\x22\xda\xef\xba\xeb.\xd1\x0e\xc7\xc0\x1f\
\x0f\x1c#3\xef\x00\x9d\x8b\xf6q\xe3\xc6\xe9\x0e\x10\xee\
 \xde\x01D;\x08w@\xbc\xf7\xaa\x993gFm\
mm\xde\xb6G\x1ey$\xea\xeb\xeb\xbbt=\x9f\xfa\
\xd4\xa7\xf2\xbe\xdf\xbe}{\xfc\xe2\x17\xbfh\xf5\xbc\x1f\
\xff\xf8\xc7\xa3\xaa\xaa\xaa\xdd\xebknn\x8e\x83\x07\x0f\
\xc6\xbb\xef\xbe\x1b\xeb\xd6\xad\x8b}\xfb\xf6\xb5{\xfe\xfe\
\xfd\xfb\xc7\xc7>\xf6\xb1v\xcf\x93\xc9d\xe2\xd0\xa1C\
\xb1s\xe7\xce\xd8\xbcys\xbc\xf5\xd6[\xdd\x1e\xb7\xa1\
C\x87\xc6\xd5W_\x9d\xb7\xad\xa1\xa1!~\xfa\xd3\x9f\
\x1e\xd3\xb8\x1d-\x9b\xcd\xc6\xa1C\x87b\xf7\xee\xdd\xb1\
u\xeb\xd6x\xf3\xcd7#\x97\xcb\xf5\xe8\xef\xa35\xc9\
d2n\xba\xe9\xa6(++\xcb\xdb\xfe\xf3\x9f\xff<\
v\xef\xde\xdd\xed\xc7\xd7\xce\x9d;c\xf1\xe2\xc5\xed^\
\xe6\xfa\xeb\xaf\x8f\x9a\x9a\x9a\x96\xef7l\xd8\x10+V\
\xac\xf0\xc7*\xda\xe1\x84J\x1b\x02\xe8\x19\xb5\xb5\xb5\x09\
\xf1\xde=\xa7\x9dvZL\x9a4)o\xdbc\x8f=\
\xd6\xa5pO$\x12\x05\xd7QYY\xd9f(N\x98\
0!\x06\x0d\x1a\xd4\xe9\xeb\xcff\xb3\xf1\xe2\x8b/\xc6\
\xc2\x85\x0b\xdb\xbc]\xe5\xe5\xe5\x05\xb7\xa1#\xef\xbe\xfb\
n,\x5c\xb80\xdex\xe3\x8d.\x8f\xdb\xec\xd9\xb3[\
\xfdyk\xd6\xac\x89u\xeb\xd6u{\xdc:\xb2k\xd7\
\xaeX\xb4hQ\xbc\xfc\xf2\xcb=\xf6\xfbh\xcd\xc4\x89\
\x13\xe3\xa2\x8b.j\xf3\xe7\x1f\xcb\xe3k\xef\xde\xbd\xb1\
|\xf9\xf26/3~\xfc\xf8\x18>|x\xcb\xf7\xf5\
\xf5\xf5\xc2]\xb4\xc3\x09\xe7\xc3\xa9\xd0\xc3\xf1\xee\x03\xab\
}\xf4\xc92\x99\x8c)S\xa6\xc4\x1dw\xdc\x11\xe5\xe5\
\xe5=v\xbd#F\x8c\x88\xcf|\xe631m\xda\xb4\
.]\xae\xa2\xa2\x22\xa6L\x99\xd2\xeai3g\xce\xec\
\xd5\xb1\x18<xp|\xeaS\x9f\x8a\xab\xae\xba\xaaW\
\x7f\xce\xc5\x17_\xdc\xea\xf6\xa9S\xa7F:}l\xf3\
N\xd7_\x7f}\x8c\x1e=\xda\x03[\xb4\x83p\x07\xf1\
.\xdeKM.\x97\x8b\xc6\xc6\xc6\x96\xaf\xa6\xa6\xa6V\
\x97\x83\x0c\x1f><.\xb9\xe4\x92\x1e\xfd\xd9\x89D\x22\
>\xfe\xf1\x8f\xc7\xb0a\xc3:}\x99\xa9S\xa7F\xbf\
~\xfdZ=m\xfc\xf8\xf11d\xc8\x90^\x1f\xb3\xcb\
/\xbf<\xce<\xf3\xcc^\xb9\xee\xd1\xa3G\xc7\xd8\xb1\
c[=\xad\x7f\xff\xfe1y\xf2\xe4c\xba\xfet:\
\x1d\x9f\xfa\xd4\xa7\xda\x1cCD;\x14#Ke\xa0\x97\
\xe2\xdd\xb2\x99\xd2\xf2\xfe\xfb\xef\xc7\xd7\xbf\xfe\xf5\x82@\
\xfc\xd8\xc7>V\xb0\xcc\xa2\xb6\xb66\x9ez\xea\xa9N\
]\xef\x0b/\xbc\x10\x0b\x17.l\xf9>\x95J\xc5\xf0\
\xe1\xc3\x0b\xa27\x95J\xc5\xc5\x17_\x1c\x0b\x16,\xe8\
T\xe8\xcf\x9a5\xab\xcd\xd3\x93\xc9d\xcc\x9c93\x1e\
\x7f\xfc\xf1n\x8d\xc5\xa6M\x9b\xe2\x07?\xf8A\xde\xf5\
\x0d\x192$.\xbd\xf4\xd28\xff\xfc\xf3\xf3\xce{\xe9\
\xa5\x97\xc6\xc6\x8d\x1b{\xfc\xf7\xd1\xd6l\xfba\xb3f\
\xcd\x8aU\xabV\x1d\xd3\xcf\x18:th\xdct\xd3M\
q\xff\xfd\xf7\xfb\x03\x10\xedP\x12\xcc\xb8C/\xc6\xbb\
\x99\xf7\xd2v\xe0\xc0\x81x\xec\xb1\xc7Z\x0d\xe7\xce\xca\
d2Q__\xdf\xf2\xb5\x7f\xff\xfe\xd8\xb8qc\xcc\
\x9f??>\xf8\xe0\x83\xbc\xf3vv\xf6z\xc2\x84\x09\
y3\xeaMMM\xb1f\xcd\x9a\xbc\xf3L\x9d:\xb5\
\xe0C\x9d\xdd\xbd\xcd\x07\x0e\x1c\x88\xad[\xb7\xc6\x0f\x7f\
\xf8\xc3x\xf3\xcd7\x0b\xde\xc4\xf4\xb4\xd6f\xd4_|\
\xf1\xc5\xbc\xef\xc7\x8c\x19\x13\xa7\x9dv\xda1\xff\xacI\
\x93&\xf5\xfa\xd2\x22\xd1\x0e\x08w\x10\xef\x1c\xa7\x189\
\xda\xe6\xcd\x9b\x8f\xf9z\x9b\x9b\x9bc\xfd\xfa\xf5y\xdb\
\x06\x0c\x18\xd0\xa9\xcb\xce\x9e=;\xef\xfbW^y%\
~\xf9\xcb_\xe6m\xab\xac\xac\x8c\x0b.\xb8\xa0\xc7\xc7\
c\xed\xda\xb5y\xdf\x97\x97\x97GEEE\x8f\xfe\x8c\
\x193f\xe4\xada\xdf\xbd{w<\xfc\xf0\xc3q\xe8\
\xd0\xa1\xbc\xf3\xb5\xf7_\x87\xae\xf8\xc8G>\x12\xa3F\
\x8d\xf2`\x17\xed \xdcA\xbc\x8b\xf7R\x90N\xa7c\
\xf4\xe8\xd1y_\x13'N\x8cO~\xf2\x93y\xe7\xdb\
\xb3gO<\xf7\xdcs'\xecv\x0e\x1f>\xbc`f\
~\xc5\x8a\x15\xb1e\xcb\x96x\xff\xfd\xf7{%l;\
\xd2\x99]Cv\xfaE)\x99\x8c\x193f\xe4m[\
\xb9re466\xc6K/\xbd\x94\xb7\xfd\xfc\xf3\xcf\
\xef\xd6\xdfU}}}477\xe7\xfd\xee\xadw\x17\
\xedP\x12\xafU\x86\x00\x8eO\xbc[\xf3^\xdc\x86\x0c\
\x19\x12_\xf8\xc2\x17\xda\x8d\xd37\xdex#\x1e~\xf8\
\xe18x\xf0`\x8f\x04\xea\xb8q\xe3\xf2\xb6\xed\xda\xb5\
\xab\xc3\xcb\xcd\x9e=;o\xa9\xce\x8e\x1d;Z\x96\xaf\
\xacX\xb1\x22\xae\xbf\xfe\xfa\x96\xd3F\x8d\x1a\x15g\x9c\
qF\x8f\xfc\x87\xe0\xb0\xf1\xe3\xc7\x17DpCCC\
\x8f]\xff\xf9\xe7\x9f\x1f\x03\x07\x0el\xf9>\x9b\xcd\xc6\
\xca\x95+[\xee\xdf\x91Q\x9fN\xa7c\xda\xb4i]\
\xda\xc5\xe4\xe17_+W\xae\x8c\x1bn\xb8\xa1e\xdb\
\xb0a\xc3\xe2\xc6\x1bo\x8c\x07\x1ex\xc0\x1f\x83h\x87\
\xa2e\xc6\x1d\x8ec\xbc\x9by/]\x8d\x8d\x8d\x9d\x0a\
\xeb\x8e$\x12\x89\x181bD\xdcr\xcb-\x05{\x91\
\xe9\xe8C\x9e\xad-\x7f9r\xdf\xe2\xabW\xaf\x8eL\
&\x93wzO\xcd\xba\x0f\x192$n\xba\xe9\xa68\
\xeb\xac\xb3\xf2\xb6wg\xff\xf3\x1d\xbd19\xd2\xfa\xf5\
\xebc\xcf\x9e=\x11\x11\xf1\xf6\xdbo\xc7\xf6\xed\xdb\xf3\
N\x9f1cF$\x93]\x7f){\xee\xb9\xe7\xe2\xd5\
W_\xcd\xdb6y\xf2\xe4\x98>}\xba\x07\xbbh\x87\
\xa2e\xc6\x1d\x8es\xbc\x9by/M\xfd\xfa\xf5\x8b\xe9\
\xd3\xa7\xc7\xa4I\x93\xe2;\xdf\xf9N\xbc\xfd\xf6\xdb\x9d\
\xba\xdc\xd4\xa9S\xf3\x0e\x22\x94H$Z\xfdpkS\
SS\xbb\x07\x04\x8a\x88\x986mZ\xde>\xe43\x99\
L\xde\x9eU\xf6\xef\xdf\x1f\xaf\xbf\xfezL\x9c8\xb1\
e\xdby\xe7\x9d\x17\x03\x06\x0c\xe8\xf0\xa8\xafG:\xeb\
\xac\xb3\xe2k_\xfbZ\x87\xb79\x97\xcb\xc5\xb2e\xcb\
zl\x8cO=\xf5\xd4\x82\x0f\x9c\xfe\xe67\xbf\xc9\xfb\
\xfe\xe8\x99\xf2\x9a\x9a\x9a8\xf7\xdcs\x0b>\x9c\xdb\x19\
?\xf9\xc9Ob\xd4\xa8Q1x\xf0\xe0\x96m7\xdc\
pCl\xdd\xba\xd5\x03^\xb4CQ2\xe3\x0e' \
\xde\xcd\xbc\x17\x9f\x9d;w\xc6\xddw\xdf\x9d\xf75\x7f\
\xfe\xfc\x82]\x0eVTT\xc4'?\xf9\xc9N\xefY\
&\x91HD2\x99l\xf9j+\x80\x1fy\xe4\x91v\
g\xf4[\xdb\x05\xe4\xeb\xaf\xbf\x1e\x8d\x8d\x8dQVV\
\xd6\xf2u\xf4\xdeWR\xa9T\x97g\x91;s\x9b#\
\x22\x9e|\xf2\xc9\xd8\xb2eK\x8f\xfd\x0e\x8e\xde\x05\xe4\
\xe1=\xf0\x1cy\xff\xd6\xacY\xd3c\xffU\xa8\xaf\xaf\
\x8f\xfb\xef\xbf?\xef\xfa\xca\xca\xca\xe2O\xfe\xe4O\xba\
\xbdG\x1e\xd1\x0e\xf4&3\xeep\x82\xe2\xdd\xcc{q\
inn\x8e\xb7\xdez\xab`\xfb\xbau\xeb\x22\x9dN\
\xe7\xed\x9ep\xd8\xb0aQ[[\xdb#\xfb/\xdf\xb3\
gO\xfc\xe4'?\x89\x0d\x1b6\xb4{\xbe\x89\x13'\
\xc6\xa0A\x83\x0a\xb6\xfd\xe3?\xfec\x87?c\xc6\x8c\
\x19\xf1\x8b_\xfc\x22\xb2\xd9l\x8f\x8cU}}},\
X\xb0\xa0\xe0M\xc2\xb1\x180`@\xc1\xfe\xf2\xab\xab\
\xab\xe3\xae\xbb\xee\xea\xcc\xdfS\x8c\x181\x22\xde}\xf7\
\xdd.\xff\xdc\xb7\xdez+\x16-Z\x14\x1f\xf9\xc8G\
\xf2~\xbf\x88v(Ff\xdc\xe1\x04\xc6\xbb\x99\xf7\xd2\
p\xf4\xfe\xd6\xbb\x12w\xfb\xf6\xed\x8bM\x9b6\xb5|\
\xed\xdd\xbb7\xef\xf4t:\x1d\xef\xbc\xf3N\x87\xd7s\
\xf4\xda\xef\xaeF\xf1y\xe7\x9d\xd7\xa50?\xf26\xef\
\xdc\xb93\xef\xf4\xb2\xb2\xb2N/\x15\xea\xac\x193f\
D*\x95\xea\xd6e;: UG\x96-[V\xb0\
\x9bKD;\x08w@\xbc\x97\x98\x81\x03\x07\xc6\x85\x17\
^X\xb0\xbd\xb1\xb1\xb1S\x97\x7f\xfd\xf5\xd7\xe3\xde{\
\xefm\xf9\xfa\xf1\x8f\x7f\x9cwz\xff\xfe\xfd\xf3f{\
[3j\xd4\xa8\x18;v\xec1\xdd\x8f\xae\x84\xed\xdb\
o\xbf\x9dw\x9b\xe7\xcf\x9f\x9f\xb7\x9c$\x9dN\xc7\x8d\
7\xde\xd8cc\x9cJ\xa5\x0av\x01\xd9U\x17^x\
\xe11\xedO\xfe\xa1\x87\x1e\x8a\xdd\xbbw{\xc0\x8bv\
(j\x96\xca@\x11\xc4\xbbe3\x85\xbe\xf4\xa5/\xb5\
\xbb\x7f\xf0\xaf}\xedky\xfb\xe2\xee\x89@\xff\xe3?\
\xfe\xe3\x82X9\xe3\x8c3\x0a\xd6;\xe7r\xb9\x82#\
\x88v\xd6\xc6\x8d\x1bc\xc3\x86\x0dy\xbb\x82\xbc\xf0\xc2\
\x0bc\xf5\xea\xd5m.\x979z\xedw.\x97\x8b\xe5\
\xcb\x97\xb7\xbb\xf4e\xfc\xf8\xf1q\xca)\xa7\xb4|?\
v\xec\xd8\x189rd\xc1^Y:c\xc7\x8e\x1d\xb1\
j\xd5\xaa\xbc\xb5\xf2\xb5\xb5\xb51}\xfa\xf4\x82\x0f\x8f\
v\xc7\xe4\xc9\x93\x0b\xde\xbc\xaeY\xb3\xa6\xdd\x90\x1e1\
bD\xde\x18\x96\x97\x97\xc7\x94)S\xe2\xf9\xe7\x9f\xef\
\xd6m\xa8\xaf\xaf\x8f\x07\x1ex n\xbb\xed\xb6n\xcf\
\xfc\x8bv@\xb8\x83x?)\x1d\xefx\xaa\xa8\xa8\xc8\
[\xc7\xde\x9e\xe5\xcb\x97\x1f\xd3\xec\xec\xe2\xc5\x8b\xe3\xac\
\xb3\xcej\xf9\xd0g\x22\x91\x88?\xfc\xc3?\x8co|\
\xe3\x1b\xd1\xd4\xd4\x94w\xde\xfe\xfd\xfb\x17\xec\x02r\xe3\
\xc6\x8d\xf1\xe8\xa3\x8f\xb6\xfb3\xb6m\xdb\x167\xdf|\
s\xde\xb6Y\xb3f\xc5\xc3\x0f?\xdc\xad\xdb\xbct\xe9\
\xd2\xb8\xf0\xc2\x0b\xf3\xde\xc4\x5c{\xed\xb5\xf1\xdak\xaf\
ui\x8f5\x9dycr\xe8\xd0\xa1\xf8\xf1\x8f\x7f\x5c\
0\x16G\x1a4hP|\xe9K_\xca\xfb\xe0\xec\xac\
Y\xb3\xba\x1d\xee\x11\x11[\xb6l\x89%K\x96\xc4u\
\xd7]\xe7\x0fP\xb4CQ\xb2T\x06\x8a(\xde-\x9b\
)n\xd9l6\x96-[\x16\x0b\x17.<\xa6\xeby\
\xfb\xed\xb7\x0bv_8d\xc8\x90\xb8\xea\xaa\xab\x0a\xce\
;}\xfa\xf4H\xa7\xf3\xe7X:3\xcb\xfd\xca+\xaf\
\xc4\xa1C\x87\xf2\xb6]p\xc1\x05QYY\xd9\xad\xdb\
\xbcw\xef\xde\x82\xddUVVV\xc6G?\xfa\xd1c\
\x1a\x8b3\xce8#\xc6\x8c\x19\x93\xb7\xed\xc5\x17_l\
7\xda#\x22v\xef\xde]\xb0\x0f\xf9a\xc3\x86\xc5\xd9\
g\x9f}L\xb7\xe7\xd9g\x9f\x8d\xd7_\x7f\xdd\x83]\
\xb4\x83p\x07\xc4{\xa9\x85\xfa\xc1\x83\x07c\xeb\xd6\xad\
\xf1\xec\xb3\xcf\xc6\xbf\xff\xfb\xbf\xc7c\x8f=\xd6\xee\x12\
\x9e\xcez\xe2\x89'\x0a\x96\xba\xcc\x9e=;F\x8f\x1e\
\xfd\xfb'\xe8d2f\xce\x9c\x99w\x9e\x03\x07\x0e\x14\
\x1c8\xa85MMM\x05{})//\xcf\xdb\xa7\
|W=\xf3\xcc3\x05o\x06\xce?\xff\xfc8\xf7\xdc\
s\xbb}\x9dG\xcf\xb6G\xe4\x1fT\xaa=\xad\x9d\xaf\
'\x0e8\xf5\xe0\x83\x0f\xb6\x1c\xf4I\xb4\x8bv(&\
\xfe \xa1\x08Y6\x03\x88v@\xb8\x83x\x07\x10\xed\
 \xdc\x01\xf1\x0e\x88v@\xb8\x83x\x07\x10\xed \xdc\
\x01\xf1\x0e\x88v@\xb8\x03\xe2\x1d\x10\xed\x80p\x07\xf1\
\x0e \xdaA\xb8\x03\xe2\x1d\x10\xed\x80p\x07\xc4; \
\xda\x01\xe1\x0e\xe2\x1d@\xb4\x83p\x07\xc4; \xda\x01\
\xe1\x0e\x88w\xe0\x18UWWG]]]\xd4\xd6\xd6\
z\xdd\x07\xe1\x0e\x88w\xa0\x18\xd5\xd4\xd4D]]]\
\x9c~\xfa\xe9^\xf3A\xb8\x03\xe2\x1d\x10\xed\x80p\x07\
\xc4; \xda\x01\xe1\x0e\xe2\x1d\x10\xed\x80p\x07\xc4;\
 \xda\x01\xe1\x0e\x88w@\xb4\x83p\x07\xc4; \xda\
\x01\xe1\x0e\x1c\xbfx\xaf\xab\xab\x8b\x83\x07\x0f\x1a\x0c\x10\
\xed@\x09K\x1a\x02\xe8\xdbjkk\x13w\xdduW\
TUU\x19\x0c\x10\xed@\x09\xf3G\x0e'\x89\x0d\x1b\
6\xe4\xbe\xfa\xd5\xaf\x9ay\x07\xd1\x0e\x08w@\xbc\x03\
\xa2\x1d\x10\xee\x80x\x07D;\x9c\xc4\xacq\x87\x93\xcc\
\xb8q\xe3\x12w\xdduWTVV\x1a\x0c\x10\xed@\
\x09\xf1G\x0f'\xa9\x0d\x1b6\xe4\xe6\xcc\x99\x13\xf5\xf5\
\xf5\x06\x03D; \xdc\x01\xf1\x0e\x88v@\xb8\x03\xe2\
\x1dD; \xdc\x01\xf1\x0e\x88v@\xb8\x03\xe2\x1d\x10\
\xed\x80p\x07\xc4;\x88v@\xb8\x03\xe2\x1d\x10\xed\x80\
p\x07\xc4;\x88v\xd1\x0e\x08w@\xbc\x83h\x07J\
\x8e#\xa7\x02\xad\x1a7n\x5c\xa2\xae\xae\xce\x11V\xe1\
8\xa9\xae\xae\x8e\xaf|\xe5+\xa2\x1dh\x93'\x07\xa0\
]f\xde\xe1\xf8D{]]]\xd4\xd6\xd6z]\x06\
\x84; \xdeA\xb4\x03\xc2\x1d\x10\xef\x80h\x07\x84;\
 \xdeA\xb4\x03\xc2\x1d@\xbc\x83h\x07\x84; \xde\
\x01\xd1\x0e\x08w@\xbc\x83h\x07\x84;\x80x\x07\xd1\
\x0e\x08w@\xbc\x83h\x07\x10\xee\x80x\x07\xd1\x0e\x08\
w\x00\xf1\x0e\xa2\x1d\x10\xee\x80x\x07\xd1\x0e \xdc\x01\
\xf1\x0e\xa2\x1d\x10\xee\x80x\x17\xef\x88v\xd1\x0e\x08w\
@\xbc\x83h\x07\x84;\x80x\x07\xd1\x0e\x08w@\xbc\
\x83h\x07\x10\xee\x80x\x07\xd1\x0e\x08w\x00\xf1\x0e\xa2\
\x1d\x10\xee\x80x\x07\xd1\x0e \xdc\x01\xf1\x0e\xa2\x1d\x10\
\xee\x00\xe2\x1d\xd1\x0e \xdc\x01\xf1\x0e\xa2\x1d\x10\xee\x86\
\x00\x10\xef \xda\x01\xe1\x0e \xde\x11\xed\x00\xc2\x1d\x10\
\xef \xda\x01\xe1\x0e \xde\x11\xed\xa2\x1d\x10\xee\x00\xe2\
\x1d\xd1\x0e \xdc\x81\x92\xb4i\xd3\xa6\xdc\x9c9sb\
\xff\xfe\xfd\x06\x03\xd1\x0e \xdc\x01\xf1\x0e\xa2\x1d\x10\xee\
\x00\xe2\x1d\xd1\x0e \xdc\x01\xf1\x0e\xa2\x1d\x10\xee\x00\xe2\
\x1d\xd1\x0e \xdc\x01\xc4;\xa2\x1d@\xb8\x03\xe2\x1dD\
; \xdc\x01\xc4;\xa2\x1d@\xb8\x03\x88wD;\x80\
p\x07\xc4;\x88v@\xb8\x03\x88wD;\x80p\x07\
\x10\xef\x88v@\xb8\x03\x88wD;\x80p\x07\x10\xef\
\x88v\x00\xe1\x0e \xde\x11\xed\x80p\x07\x10\xef\x88v\
\x00\xe1\x0e \xde\x11\xed\x00\xc2\x1d\x10\xef\xe2]\xb4\x03\
\x08w\x00\xf1\x8eh\x07\x10\xee\x00\xe2\x1d\xd1\x0e \xdc\
\x01\xf1\x8eh\x07\x10\xee\x00\xe2\x1d\xd1\x0e \xdc\x01\xc4\
;\xa2\x1d\x10\xee\x00\xe2\x1d\xd1\x0e \xdc\x01\xc4;\xa2\
\x1d@\xb8\x03\x88w\xd1\x0e \xdc\x01\xc4;\xa2\x1d@\
\xb8\x03\x88wD;\x80p\x07\x10\xef\xa2\x1d@\xb8\x03\
\x88wD;\x80p\x07\x10\xef\xa2\xdd\xeb\x15 \xdc\x0d\
\x01\x80x\x17\xed\x00\xc2\x1d@\xbc#\xda\x01\x84;\x80\
x\x17\xed\x00\xc2\x1d@\xbc\x8bw\xd1\x0e \xdc\x01\xc4\
;\xa2\x1d@\xb8\x03\x88w\xd1\x0e \xdc\x01\xc4;\xa2\
\x1d@\xb8\x03\x88w\xd1\x0e\x80p\x07\x10\xef\xa2\x1d@\
\xb8\x03\x88wD;\x80p\x07\x10\xef\xa5\xad\xaa\xaa*\
\xe6\xcc\x99#\xda\x01\xba(i\x08\x00\xba\xa6\xb6\xb66\
QWW\x17\xd5\xd5\xd5\x06\xa3\x1b\xd1~\xd7]w\x89\
v\x80n\xf0\xc4\x09\xd0Mf\xde\xbb\x17\xed\xe3\xc6\x8d\
\xf3\xda\x03 \xdc\x01\xc4\xbbh\x07\x10\xee\x00\x88w\xd1\
\x0e \xdc\x01\xc4\xbbh\x07@\xb8\x03\x88w\xd1\x0e \
\xdc\x01\x10\xef\xa2\x1d@\xb8\x03\x88w\xd1\x0e \xdc\x01\
\x10\xef\xa2\x1d@\xb8\x03\x88w\xd1\x0e\x80p\x07\x10\xef\
\xa2\x1d@\xb8\x03 \xdeE;\x80p\x07\x10\xef\xa2\x1d\
\x00\xe1\x0e \xdeE;\x80p\x07\xe0\xe4\x8dw\xd1\x0e\
 \xdc\x01\xc4\xbbh\x07@\xb8\x03\x88w\xd1\x0e \xdc\
\x01\xe8\xc3\xf1.\xda\x01\x84;\x80x/\xf2x\x17\xed\
\x00\xc2\x1d@\xbc\x17y\xbc\x8bv\x00\xe1\x0e@\x91\xc7\
\xbbh\x07\x10\xee\x00\x14y\xbc\x8bv\x00\xe1\x0e@\x91\
\xc7\xbbh\x07\x10\xee\x00\x14y\xbc\x8bv\x00\xe1\x0e@\
\x91\xc7\xbbh\x07\x10\xee\x00\x14y\xbc\x8bv\x00\xe1\x0e\
@\x91\xc7\xbbh\x07\x10\xee\x00\x14y\xbc\x8bv\x00\xe1\
\x0e@\x91\xc7\xbbh\x07\x10\xee\x00\x14y\xbc\x8bv\x00\
\xe1\x0e@\x91\xc7\xbbh\x07\x10\xee\x00\x14y\xbc\x8bv\
\x00\xe1\x0e@\x91\xc7\xbbh\x07\x10\xee\x00\x14y\xbcW\
WWG]]]\xd4\xd6\xd6z\xee\x07\x10\xee\x00\x14\
c\xbc\xd7\xd4\xd4D]]]\x9c~\xfa\xe9\x9e\xf7\x01\
JT\xd2\x10\x00\x94\xae\xda\xda\xdaD]]]TW\
W\xb7y\x9e\xea\xea\xea\xf8\xcaW\xbe\x22\xda\x01J\x9c\
'q\x80>\xa0\xad\x99w\xcbc\x00\xfa\x0e3\xee\x00\
}@mmm\xe2\x1f\xfe\xe1\x1f\xa2\xaa\xaaJ\xb4\x03\
\x00@\xb1\xdb\xb0aC\xee\xd6[o\xcd\xddz\xeb\xad\
\xb9M\x9b6\xe5\x8c\x08\x00\x00\x14q\xbco\xd8\xb0A\
\xb4\x03\x00\x00\x00\x00\x00\x00\x00\x00\x00\x00\x00\x00\x00\x00\
\x00\x00\x00\x00\x00\x00\x00\x00\x00\x00\x00\x00\x00\x00\x00\x00\
\x00\x00\x00\x00\x00\x00\x00\x00\x00\x00\x00\x00\x00\x00\x00\x00\
\x00\x00\x00\x00\x00\x00\x00\x00\x00\x00\x00\x00\x00\x00\x00\x00\
\x00\x00\x00\x00\x00\x00\x00\x00\x00\x00\x00\x00\x00\x00\x00\x00\
\x00\x00\x00\x00\x00\x00\x00\x00\x00\x00\x00\x00\x00\x00\x00\x00\
\x00\x00\x00\x00\x00\x00\x00\x00\x00\x00\x00\x00\x00\x00\x00\x00\
\x00\x00\x00\x00\x00\x00\x00\x00\x00\x00\x00\x00\x00\x00\x00\x00\
\x00\x00\x00\x00\x00\x00\x00\x00\x00\x00\x00\x00\x00\x00\x00\x00\
\x00\x00\x00\x00\x00\x00\x00\x00\x00\x00\x00\x00\x00\x00\x00\x00\
\x00\x00\x00\x00\x00\x00\x00\x00\x00\x00\x00\x00\x00\x00\x00\x00\
\x00\x00\x00\x00\x00\x00\x00\x00\x00\x00\x00\x00\x00\x00\x00\x00\
\x00\x00\x00\x00\x00\x00\x00\x00\x00\x00\x00\x00\x00\x00\x00\x00\
\x00\x00\x00\x00\x00\x00\x00\x00\x00\x00\x00\x00\x00\x00\x00\x00\
\x00\x00\x00\x00\x00\x00\x00\x00\x00\x00\x00\x00\x00\x00\x00\x00\
\x00\x00\x00\x00\x00\x00\x00\x00\x00\x00\x00\x00\x00\x00\x00\x00\
\x00\x00\x00\x00\x00\x00\x00\x00\x00\x00\x00\x00\x00\x00\x00\x00\
\x00\x00\x00\x00\x00\x00\x00\x00\x00\x00\x00\x00\x00\x00\x00\x00\
\x00\x00\x00\x00\x00\x00\x00\x00\x00\x00\x00\x00\x00\x00\x00\x00\
\x00\x00\x00\x00\x00\x00\x00\x00\x00\x00\x00\x00\x00\x00\x00\x94\
\x92\xff\x1f<)!\xe8!7\xb2\xeb\x00\x00\x00\x00I\
END\xaeB`\x82\
\x00\x00\x03\x1d\
\x89\
PNG\x0d\x0a\x1a\x0a\x00\x00\x00\x0dIHDR\x00\
\x00\x00\x94\x00\x00\x00\x94\x08\x03\x00\x00\x00B\xe2\xf0\xe6\
\x00\x00\x00\x01sRGB\x02@\xc0}\xc5\x00\x00\x00\
6PLTE\x00\x00\x00\x00\x00\x00\x00e\x00\x00\xa2\
\xe81e11\x9a1susc\x9ac\x94\x96\x94\
\x84\x82\x84\xde\xdf\xde\xd6\xd7\xd6\xce\xcf\xce\xf4C6\xff\
\xfb\xff\xf7\xf3\xf7\xef\xeb\xef\xe7\xe3\xe7a\x87\x19\x90\x00\
\x00\x00\x01tRNS\x00@\xe6\xd8f\x00\x00\x00\x09\
pHYs\x00\x00\x0e\xc4\x00\x00\x0e\xc4\x01\x95+\x0e\
\x1b\x00\x00\x00\x19tEXtSoftwar\
e\x00Microsoft Offi\
ce\x7f\xed5q\x00\x00\x02NIDATx\xda\
\xed\xdb\xdbv\x820\x10\x05Pi\xb4T\x90\x16\xff\xff\
g\x9bA&MBB!\x17\x17\x09\xe7\xbc\x10\xc4\xa5\
\xfba\xe42\xb3\xbc|F\xe5\x92'@\x15\x8f\xfa\xd6\
\xf3\xb3\x96QK#\x93\x09\x06T\x15\xa8M\x8e\xd1F\
}\xc9d\x80\x01U<j\x1f\x86\xf2\x94aT\x06\x18\
PE\xa3\xee2\x0b\xcc*\xea9\xa7q\x05(\xa0\x8e\
\x892~}W\x99\x9b\x8ckk\x80\xec\x83\x0a\x99\xe6\
g\x08T]\xa8v\x8e\xbd~\xea\xb1\x0fv2\x95\xa0\
\x86\x01\xa8\xad(\x0f\x8bQS\x1dS\xdd\xf29\x92\xd7\
\x5c\xd7\x06\x8a^\xe8\xe6\xf0\xba\x22\x94\x93u\x06\xd4\x10\
\x94](\xfa~}m\xa0h\x0b\xd4\x9bQ6\xeb\x90\
(\xba\xc9\x1b\xed\xe2~w\xa1\xdb,\xa0\xb6\xba\x0e\x89\
\xa2B\xa7\xcb\xea\x07G\xdf\xe1\xb5\xba \xfb\x0e\xd6\x8a\
\xb2O\x09@m=yR=O\xf7k\x5c\xe4\xb4\xe6\
\x9a\xd6\xd7\xd3\xc9\x92^\xe0\x22\xe7u/S\x1b\xcau\
\xed\x03j\x0fj\xd1\xbf\xd0C\xdf\xab\x16V\x22f`\
\xabw\x9e@Y(\xef\xd3L\x9d\xa8\xc01\xd80x\
\x9e~\x0c\xd4\x1a\xa8\xf3\x04\xa87\xa0\xbc\x0f\xaf\xc9P\
)\xc7`\x8c\xf26\xe8\xf8\xcb\xaf\x9e6\x1fP\xc5\xa3\
R\x8f\xc1\x0c\x94\xab{g\xa0\x1cm>\xa0\x8aF\xe5\
\x988\x11j\xb5\x99\xa2?\x08\xdf\xfa9\xda\x1a(\xa0\
,\x14}\xe6\xa2\x99b7V\x0c\x14\xef\xcc\xa8\x1cc\
0\xa0\x8aFE\x17z\x8e1\x18P\xc5\xa3\x9c\x9d<\
~\xeb\x7fm\xbe\x1c\xb39\xa0\x8aGq\xc3n\xd1\xa0\
\xd3\xf7\xb9\xc6{}G\xbb\xf3L4\x06\x03\x0a\xa86\
\xf1\x18\xcc@\xf9\x9a*]\xef\xcb\xe3\x953\xa3\x84(\
\x1e\x95x\x0c6\xa1\x16\x8f\x13B\xa6\xd9\x91\xb3\xa2\x84\
\xa8\x06\x95p\x0c\xa6\xda/<\x96\x10!\x01\xea\x18(\
!\xa2P\xc1\x13\xa7\xce\x8dz\xe5\x80(!\x80\xda\x80\
\x12\x119>*d\x0c\xa6.\xf9%\xa0\x92\xd5\xd4\x19\
P\xd1\xe7\xa9\xe01\xd8\xb4-\x0a\x15\xc8\x02*\x08\x15\
2\x06k\xd7Q\xca\xb5\xf7\xef$gD\xbdXU\xa0\
\xa2\xda\xcbj\xbd\xfa'\x09\xa0\x8aF\xedK\xf4\x18\x0c\
(\xa0\xb2\x14:\xb5\xdf\x80\x02\xea\x0f\x155\x06\x9b\xde\
\x08\x14P\xcbB\x0f\x9e8\xb5\xf3\x94\x00(\xa0J@\
\x05\x0f\x0c\x1f@\x01e\xa6I\x1b\xa0\x80R\xc5\x1e\x1f\
z.\xba\x03U<\xea\x17\x02\xdcZ\xcd\xcf\x9c\x8a=\
\x00\x00\x00\x00IEND\xaeB`\x82\
\x00\x00Z\xa2\
\x89\
PNG\x0d\x0a\x1a\x0a\x00\x00\x00\x0dIHDR\x00\
\x00\x02\xee\x00\x00\x02\xee\x08\x06\x00\x00\x00\xf1\x1d\x93\xca\
\x00\x00\x10\xffzTXtRaw prof\
ile type exif\x00\x00x\
\xda\xdd\x9a[\x96#\xb9\x0dD\xff\xb9\x0a/\x81\xe0\x9b\
\xcb\xe1\xf3\x1c\xef\xc0\xcb\xf7\x053\xa5\x92\xea\xe1\xee\x99\
\xe9/\x97\xa6*\xd5\x12\xc5$\x81@D\x80\x1a\xb3\xfe\
\xf3\xefm\xfe\xc5O\x94bM\x88\xb9\xa4\x9a\x92\xe5'\
\xd4P]\xe3I\xb1\xd7O;\x7f\xc5\x86\xf3\xf7\xfc\xac\
e\xdd\xfd\xea\xdb\xeb\xe6\xf9\x86\xe3%\xcf\xd5_o\x94\
t]\xe5\xf1\xfa\xfd\x81\xc7U\x1a\xcf\xe2\xcbDe\xdc\
o\xf4\xf77j\xb8\xae\xae|\x9a\xe8\xbe\x91\xd7\x15\xe9\
\x12\xe6=Q\xbd'\xf2\xeezC\xee\x09\xda\xb5-\x9b\
j\xc9\xaf[\xe8\xeb\xba\xde\x9f\xbf\xc2\xc0\xaf\xd1?\xfd\
\xf1j\xbc\x07\x7f\xfaw\xc8DoF\xee\xe3\x9d[^\
\xbc\xe5\xaf\xf3\xe1Z\x80\xd7_1\xbe\xf1$\x9f\xbf\x81\
\x81\xe2\x03\xcf\xfd\xf9\x1b\xfc#&\x04\xe4\xbb8\xd9\x97\
U\x99\xcfYy>\x93\x1f^\xff\x94\x14\x9f\xae\xd7\x0d\
/\xbc\x073=\xaf\xdf\xbe.\xf1\xfb\xe0\x9b\x13\xe2\x97\
;\xfb\xf1\xbc\xf3\xdb\xeb\xbb\x89\xfb\xbc\x9d\xc7\xef\xde\xb3\
\x98\xbd\xd7\xb5\xbb\x16\x12!M\xf7\xa6\x9e\xd19\x93\xec\
\xd9\x09\xb9?\x1fK<2\xbf\x91\xe7\xf9<*\x8fb\
@\xef \xe5\xd3\x0e\xdby\x0c\xa9\xe2H\xcb\x96 S\
\x9alY\xe7:d\xb0\xc4\xe0\x96\xcb\x5c\x9d\x1b$J\
_+>\xbb\xea\x86\xb7\xe6\xe4\x89\x87l\x97}\xf5\xd3\
\x17\x929H\xaff\xce=\xd7\x22\xe7\xbe\xf5\xdcnP\
Z\xd3Na\xa4\x13&\x13>\xe1\x8c\xfe\xf9\x13\x8f\x1f\
'\xda[!/b\xcb3V\xac\xcbi\xc0Y\x86f\
N\xff2\x8a\x84\xc8~\xe0(\x9e\x00?\x1e\x9f\x7f4\
\xaf\x9e\x0c\xc6\x13\xe6\xc2\x06\x9b\xed\xd7\x14=\xca\x8d-\
\xc5\x91?\x89\xf6\x0c\x8c\x5c\xafZ\x93<\xef\x09\x08\x11\
\xf7\x8e,F<\x19\xb0I|\x94$6;\x97E\x88\
c!?\x8d\x89\x0aE\xe3:)\x90\x18\xddd\x95.\
x\x9fHNqzo>\x93\xe5\x8cu\xd1]/\xc3\
Y$\x22\xfaDi\x15\x12\xd4\xc8U\x80\xd8\xc0O\x0e\
\x05\x0c\xb5\xe8c\x881\xa6\x98c\x895\xb6\xe4SH\
1\xa5\x94\x93\x92_\xcb>\x87\x1cs\xca9\x97\x5cs\
+\xbe\x84\x12K*\xb9\x14Sji\xd5U\x0f9\xc6\
\x9aj\xae\xa5\xd6\xda\x1a7m\xcc\xdc\xf8tc@k\
\xddu\xdfC\x8f=\xf5\xdcK\xaf\xbd\x0d\xe03\xc2\x88\
#\x8d<\x8a\x19u\xb4\xe9\xa6\x9f\xf0\xc4L3\xcf2\
\xeblK\x16PZa\xc5\x95V^e\xd5\xd56P\
\xdb~\x87\x1dw\xday\x97]w{fM\xcc\x95\xd6\
/\x8f\xdf\xcf\x9a<\xb2\xe6N\xa6t`~f\x8d\x8f\
\xe6\xfc\x98B\x94N\xa2\xe6\x8c\x8c\xb9 d<k\x06\
\x00\xb4\xd3\x9c\xd9\x22!8\xa3\xa9\xd3\x9c\xd9\xea\xa8\x8a\
\xe8Xe\xd4\xe4L\xd1\x8c\x91\xc1\xb0\xc4\xc5-\xcf\xdc\
}d\xee-o&\x84\x7f\x947\xf7\xc8\x9c\xd1\xd4\xfd\
\x89\xcc\x19M\xdd\x0f\x99\xfb\x9a\xb7o\xb26Um\x86\
\xf5\xe6dH\xcbP\x83j=\xe5\xc7\xa0\xe6\x0a\xff\xa1\
I\xbf\x7f5\x7f\xf5\x03\xff\xb7\x13\xb5\xd9J\x02_\xbd\
\xc5YF\x07\x01\xdd\xbb\x01\x8e\x03\x0c9F\xde\xd5\xee\
\xe8C}\x8e\x8a\x1f\xa3\xc0|\xd2A\x8c\x0a\xb2Z\xea\
C\xfcH\x82rw\xca/Lr\x03+%#R\xf7\
\x1c\x88\x07\xc5\x93k\x9fao\xb5H;\x8f\xe9w\xa4\
\x98ft#\xb9>\xba\xaf5\xc5\xe2\xa2\xd4\x98d\x8f\
\x82\xd2\xb5\xee\xe3\xf63\x17\xbf\xcd\x00\xe6q\xb1\x8c\xb5\
\x97\xab ,\xf8\xddW\xf1~\x83\x14\xc7\xe0\xbdx\x7f\
\xe7\x96\xd7YlcK13%\xab\x9c6\xa0$m\
4\x16kv\xc2UHj\x1a\x84\xa6v\xe8o^\xcd\
\xef\x0el\x9d\xf0\xb5\x12\xdb\xaa\x99\x98M\x10\x1fF\x17\
\xe5sv-\xdb\xac\xa0\x95\xe1\x9e\xa3\xe2\x195Wh\
\x8e\x22wq\x8eg2\xd6\x8c\xcbV\xa2\xbc\xa5L\x02\
\xd3\xd2\xee\x9b\x1buK\xb1\x9a]\xbdMyS\x1a\xb2\
(!\xbf[\xd4\xa7o\xa3y\x22\xb1\xc0\x13\x8f\xc1:\
4\xfa=Z\xa7\xb8\xef\xaduFZHa\xa4\xd5\x87\
\xa3`\xc7Z5\x0d$\xc3\x8f+\xe68\x87g\xd4\xc7\
\x98\x18\x05\xd9\x08\x12%\xab[h5y\x89+\xe2!\
GwC\x5caz\xbbW@\xcff\xacmW\xe6\x95\
y\xa1\x05\x10\x1c\xb4t\x18\x92A\x1e\xdf\x81\x89\xf1\xa3\
\xaf\x05D\xda\xce}zsc%)V&X\x09\xa1\
cqz\xaf\xb1\xe4\xed\xfc*\x190[7\xa3\x84\xa8\
F\xf5\xa7\xab\xf9\xd5\x80\x1f\xaf1MTRW\xe1\xd6\
H\xd1\x00\xd9\x09d5CB\x03\x906y]\xa9\xbc\
\x0d\xba\xc7\x08\xa2|\xc6\x90\x91\xdc\xd9>\xf4%\xe5\x0e\
\xaf\x89>\xcfM\xd9\xcd\x12\xc8G~fe\x8d\xbbX\
(,\xff^XT\x88\xc8\xa3\xae\xa0G\xad\xacM\xfa\
c\xc6S}\xbf\xfc\x1c\xe6\xb2\xeb\x06\x02QU\xd8\xc4\
NW\xb0\xd7>\x11\xa77\xd1\x98S\xa7f]P\xb0\
~5\xf7\xb9L\xddK\x99F\xdd\xf3Hm\xcc<6\
\xc0<\xc8{\xb9\x81\x81\x17\x90\xce\xf7;\xccr\x97j\
}\x96j\xfc\xbeTw\xa3I\x88\xf5\xcf1d\xeb\xe6\
\x9d\xcb`3W\x80|\xa9\xd9\xbd\xd4X\xe8_\x86\xdd\
\xc4\xf8\xe4Es\xd7b\xbe\xaa+^\xd5\xc5\x16\xfb\xd0\
\xe4\xf8\x0c\x16n\x1cS=\x85\xf2\xc2S\xe6o\x12\x09\
C\x0a28\xfc\x1bC\xae\xf4\xbb{Zu_\x95d\
\xeeRJ\xf6\xb5V3~\x1b\x0d\x8d\x1b\xba\x1c\xe4\xb5\
|\x9fW-\xa9x\xf2\x1a\xa7\x19m\xf8]\x85\x8f\xb0\
\xc5\x04\xe3\xe6v\xb1\x81\xbb\xd9\x00\x0a#\xaf\xb1o\xca\
\xf9\x02\xab,\x0d\xc5{V\xa7\xd1\xb4\xf6\x94\x09\x9a\x16\
\xab\xa6\xf59\xafRp\xfa\xdbT\xdb\xa0\x987\xb2\x04\
\x86C\xdb\x06!]\x9e\x8c\xe05\x06%\xf8\x99w\xcd\
\x0b\xf1zx\xe3R.\xbb\xbf/0M\xcbg\xe1\xba\
k\xd1\xfc\xa2\x18\x83>\xd34\xa6_\xa4\xcf\xfc\x9c\xd7\
\xef\x19\x129Eq\xafU\x11\xfe\x0d_\x9e\xbb\x18\xed\
\x0dK\x0e{\x06R\x14c\x97\x82\x9f\x1a-Q@\xd4\
`\x8aQK\xbdj\xb9\xcex\x95\xebwlP\xb6\xf1\
\xaft\x00\xbb\xd6\x99\xfb\xfa\xcc\xec\xaf\xc4\xee\xcef\xe1\
\xe0\x04\x03\xab\x16\x5c\x8cc~\xc9\xa8\xf1I\x96M\xc9\
r\xf6\x01\xafk\x99\xc1\xeb\xb5\xec\x93\x1fx\xdd\xd4\x0c\
;\xea\xb6x\x03\x1e\xc5\x1e:\xb0J\xd9\x16vW\xfb\
&\x10\xa4\x11\xbc\xc7\x887\x80\xc3\x18\xd4\x0ax\x08m\
@\xbbe\x22{\xaaZ\x06\xab\xe0\xd9\x8c'\x95\xa9z\
\x18\xb6\x84\x89\x97\xe5\xda\xdf \xc0sB:\x9cK\x0f\
\x0c\xdcy\x1d\x84\x10\xbd3\x13\xba\xc7\x06\xe3\xb4\x81\xbb\
Br\xf8\x80\xc5u\x18\x10zH\xf8}\xa2w\xae\xc7\
61\xdc\x18r\xc0\x0f@R\x89\xb9\x10\xf0^\xb1F\
\x10\xe1Elm\x8494\xed]}\xfed\x19}\x14\
\x97k\xd3 \x87J\x1e\xb4\xbdf\x8b`bR\xa6A\
\xc9*\xc3\xf4\xadR\xe3\x814\xe1\xad\xa95\xccp\xdb\
\x93L\x8d\x9e\xd4|\xf9\xe1}\xa9\x89\xa4.K\x93@\
\x03\xd9:\x02\xd1B\xc4|\xf7\xee\x98\x87\xeei\xd8\xa1\
\x89\xf6\xb1Q\x9d1L\x93G\x87\xcf\xe1b\xd6\x89\xcb\
\xcfu\xee\xe6AcE\xdab\xdc=P[\x89\xb2N\
\xbd(e\xcb\x80p\xe6\x92\xecR\x05\x1cx\x9d\xb4\xa0\
\xec\xd4M\x97NW\xcb\xb0\xb8Z\xd8\xac\x9e?U:\
\xe9.; \x8aN\xf1\x99\xc2\x1at\x0c\x09L\xeeJ\
\xcbR\xe0|TF\xe8%B\x15\xd2>\xba\xa1\x0b\xa6\
\x01\xb0\xb3O\x9b\xdb\xf4}\xb3vbXEHNp\
\x05\x04\xa8C\x02T}\x02\xa4\x99]]\x96^\x84\xed\
\xcf\x1ec\xf3\xb0\x18\xddE2\x09\xebC\x0e\x9aM\xc4\
qad*\x92\xb9yeD\xaf=KE\xb4\xc3\x18\
\xe0.D\xf2\x94\xc5\xd9\x94\xd8y\x0b\x80j\xa4,\x1a\
!\xc2i\x08f\x8f\xd5\x81\x16\xad)\x09@\x80\xd0\xd2\
\x03\x82\xc2\xd6\x92\x908\x1a\xb0\x15$@\xae0a\xa4\
%D\x81S\x8e\xc0\xb3e\xb7\xd8\xedb\xc3\xe6.\x86\
Q^\x88\xfc\xc1\xe3`\xf0\xf08\xae:\x7fT\xfc\xc8\
\xab\x83@\x9c\xd0\xa4g\xda\x02X)\x1a#\xbb\xa6`\
Wf\xdb\x8b\xed\x84\xb0RcN\x14`\xf8$\x8dn\
\xae\xd2\xda\x01\xfe\xa88\xf1\xef4\x91\xc6\x8a\xa2\xd5\xdc\
\x96YO\xf7M\xca\x88\x1e\x1d\x19\x0cAie\x0a\x87\
LS0\xaeB&k\xcc\x89\x00\xec[\x00 \xa8q\
\x09\x80\x5c\x02`\x1e\xba\xfe.\x00\xa4\xaa\xb3\x81T)\
\x07LD\x16\xba\xcf^\x1fR\x10N4\xd4\xb4~\x5c\
\xcdy\x12\x13iW\xaa\x00/0\x95\x96\xc8\xa5WR\
\xe8ia\xc1\xc3\x00\x99\xfb-\x81IX\xd6\x82\x01<\
\xe8\x1e\x1b\x8c)\x03\x18BH\x1d\xeb\xf0\xc7Z7\xe8\
\xd8K5-\x06e\x96\x01$\xdd\x1d\x89\x09\xb8IR\
\xf1k\x03y\x16<-@\xc0\xbdV\xb3I\x0d\xd5_\
\x07\x0dpR\x1e\x02;\xd0 \xd5\x1f\xb4\xfa\xdd]\xfd\
\xad@DL\xf00\xd1\xbdP\x1a04\x9e\x15\xf3M\
I\x1a\x5cNG\x98\x8e\xcfE\x9e\x94/\x22\x9eC\xdb\
\xeb\x9b/l\x99\xb6tMb\xbfH\xe2\xa6\x0b\xe0\x06\
\x19\xce\x92&5\xb4\x8d\xa4@\xbf\x83\x08\xa7AGO\
o\x94#\x1eJ)\xa5)\xcd\xba\x9a}\x08\xac1\xba\
2q\xcc\x0e)\xc1\x00@\xaa\xb4\xe3\x01\x00\x00:l\
N\xd8\xc6\xc5\x1a\xad\xcbs\x95\x183\xe1\xdfZ\x91\x02\
#\x04]\xa7\x85GqH\xb1,\x9f\xe2\xe0]Hd\
\x13y\xb5\x15=\x93\xee\xda\x12\xb0\xc00\x99\x8c\xd6\xb0\
\x22l\x83\xf0Z\xa0\x02\xc04cfn\x0d\xf8\x85\xc5\
T\x18\xe3\x8eC\x82>,\xf1\x80\xaa\x00\x19-\x00A\
\xddm9[Y.r\x84\xbc\x96p\x0e\x11\x92'\x19\
QIbY\xa8*\xfb\xec\x85\x8a%s>\x07\xc8\xb0\
\xf3\xd8\x110\x00`\xaa\x16\xd6\x919@0LB+\
\xba\x82\xb3\xd9\xeb\x89E\x00\xc9\xca\x968\x18\xaa\x9b\x0f\
'R\x08\x94\xb7ZY\xe0\xbd\xa1\xc3Dx-P\x85\
\x09\xeb\xca\x8a\x04P\x85\xd2\xd6i\xa0\x83D\x15\xa9`\
\x81\x8c]\x03\x04\x9c\xd6\xee\xdc\xafE=\xc0\xa8\xech\
\xba\xc8\x0b\xc2\x0d\xc1\xa9\x15G~\xb0Q\x93\x15\x82\x18\
PP=f\x94\x16'\x0e/\xf3\x9c\xbbT\xe8uy\
\xacZ\x84\xb5\xd8\x83\x1e\x8f\x1e\x9b\x0d\xce\xd9O\x17_\
\xa5J\x81\xf5\xd8T\xca\xaa\xb3\x91\x90\x90f3\xb0y\
IM\xd1\xc0\xf6\x10\x81\xb8g\xc4,\x9c\x22b\x0a{\
\xb1E\x13Q\xce\x08\xa1\xa2V\x90\x1e\xee\x0e\xb8f\xd2\
9\xa9+\x80\x9a\xcd\x106|4\x14\xa2\xc9\x01\xfa\x87\
\x10\xf1\x91\xb5\xcb\xcc{\xc2\x96\xa7\xab\x84^l#X\
\x17\xbd\xb8\xa4\xc7G\x9eY\xc91\x86\xa1\x80#jQ\
\x85V\x11\x86\xd4\xf2C\x85\xf8\x84w9\xd6\x02\xd4\xbb\
}\xe9\xf0f\x9c=\x95\x0dK4=I\xd2\x88\x9d\xae\
\xaaD\xaa_\x87\xb3\xb9r\x06%\x1d\x94\xaeA\xe5v\
\x0a1\x06\x98\x14q\xe9\xdaY\x02\xf8\xa1.\xc9\x13\xdf\
g\xc5(\xaf\x98/\xc4\xf2v\xfd\x15\xbf\x9cE\xe0\xc8\
\xf20\x09\xeb4\x1f$\x0db\xd9a\xd6~%kI\
\xdf\x15}\xd9&\xf4\xea\x83`<\xad\x13D\x8b\xb8\x1c\
G\x16p\xfed\x136\xa7\xf6\x89\x08\x1e\x15X7\xfc\
\xe5\xc7\xf4\xa0\xe3mz\x14\x89\xc9z\xbe\xdbn\xfd\x0e\
EB\xb3T\xbf;_?Aw\xd6!K\xd05\xf0\
!\xad\xa8\xf1\x94I\x9a\xbb\x1c\xf7\x8a\x0b\x8c\xd6\xeb\x89\
\x02&^\xce\x01\x9b\x1e\x11\xa0l8)\xf1\x86v(\
9doe\xb4[)\xafj\xb2\x0b\x89Y\xf8\xa4\x04\
\x9d\x93sb\x84\xa1)\x14wP\xb2\x9dIpC\x01\
\xa3\x96x\x86\x1b^4\xc7\x05\x87\xb8\xa6\xb0\xcf\x84\xe2\
*\x8d&\xa4\x90%\x16\x81\x5cqM\xb4\xd3]?\x9a\
\xd4\x89\x06\xd0\x13\x07\x8a\x0c\xfda/\x91;m\xbc(\
\xdbn(5\x8bu\xc3\xa3x\x9a(\xdaC\xf0\xea\x08\
0T\xb0\xabs\xaeb\xe5!\x86a[\xce(\x1f&\
\x0c\x05\xb4\x1d\xf0L\x0d\xb2/\xd2)\xb7\xe0\x8d\x92\xf5\
r\x88QH\xdc\x96<\x12?\x94\x19\xa6\x88\x9a\x90\x90\
3\xb2\x0d\xc19O\x0b\xbbG(\xc8\x88\xeb\x8b{y\
:g\xc8\x15{\xd7\xfb\xf0F\xf4\xac\x0c\xbe$\x10\xa0\
\x8e\xb7\xd4DP\x1fhfp\xda\x5c\x95!ic\x92\
A\x1f\xa5\xa7&MO;\xf5\xe4\x96\xb6\x00*\xa6;\
\xc3\x0d8\xa3\xb6\xabS\x1b\xdbY\x8f\xe9\x82\xc4X\x22\
\x1e\x17\xed\xa5\xd2l\xdd*\xd7\xf8E&M\x82q\xd4\
\x8e\x12\x8fT\xb5\xa21\xe4\x04\x02\xa7\xe3]2\xd5\xe1\
\x9cCh\x95z\xdb=\x0az\xaa\x8d@\xb0S\x1cF\
\x97M-\xdc\x1d\x0a\xac\x1b+(\xff\x89\xa2R?\x0e\
\x16\x801ja\xb8\x84\xc6\x8fF\xc6gMe\x95F\
\x90\x83\x1e\x16\x17\x1c\xa3U'U\xd4oZm::\
\xcb\xc4\x9f.\xd6\x9f\xed*\xca\x97\xa0h\xad%Jq\
\xc98\x17s\x1a\xda\xf1JG\x0e\xdb\xf2X|\xcc\xb7\
H\xaaVT\x85\xd0<\x96\x88WC\xb0\x13\xffn\xb8\
\x22\xe6\xc0\xf8\x92\xd85\xf5\x80\x17\xf4\x18\xbb\xdc\x0a,\
\xa0@g\xb4\xd0\xa3\xa8\xca\x01V\x0b\x11p\xef\x01\xe3\
\x92\x5ce\xbe\xa6MB?\xdff\xc1I\x08\xa1\xb7p\
\x9b\xa3\x0e \x04\xed\x8e\x8e\xc3F\x92m\xda\x97$G\
\xaf\xce\x03YW\x1b%\xdaV\xcdy\xd8I\xf3N\xc1\
\xd5sxf\xd5K<\x0e\xcf\xf0\xd9\xbd\x09\x16\xdd\xe9\
\xe1\xe3\x07)^\xe7gs\xa9\x89\xd46\x85\xde\x08\x9d\
\xc6}\xc9\xdd\xa6\x08V\x07\xea\x8b\xcd=F\x98\x97!\
\xe9\x1e\x12.6\xe8\xfe\xaf\x9cK}j\xb3\xe4\x85p\
\xe4\x22\x1c4\x9d.\x80\x8c\xc0@\x88\xe3\x90\xad\x0d}\
\xb8\xccI[\xf96'\x06\xa1ak1i/\xabB\
1\xb3\xfe#[\x8d\xa1~\xef\x88}\xd8S3\xd1N\
?]\xe7\x82\x7f\xbf\x9a%\xf8h;\x8a\xffh\x0a\xcd\
\xc4\x91\x14\xc9*)]\x8f\x9a\xb9\x05\xd1\xab\x1a=O\
\xf4\xd2\xe3h\x22CP\x13Y\xa0\x97\x22\x0b\xf8\x9ei\
\x82\xb6\xed\x99\xc5\xe97\x82c3SBh\x07\xdc\xd6\
\xe9A\x00-\xc6,T=}R\x13\xac\xb9\xa0g\x80\
\xf5P\xdc\xa2\xc5\x13!2\xa8a\x99\xb4\x08\x086\x04\
\xf5\x98\xb8\x8d\x1e\xe90\x9b\x94\x8a\xe5\x1f\x05P\xc1L\
\x18\xe1X\x009\xecf+~J}1\xfd]Dh\
\x9c\xc5\xb9\xd1A6g\x807%\xde\xe04\xa2\x96\x1c\
\x02\xcdx'\xdc5\xe2\xbch\x12\xe9^0l\xae9\
\xba\x96M\x04\x19c\xb5K\x0c4\x8e\x10\x0d^\xfa\x18\
>\xc3\xe8\xbc\x13\x01Y\x18\x05\xe9\x81\x9e\xa3\x8f\x5c\xd8\
\x7f\xa9\xfa\xff\x09\xd4\x09\xaf\xed\x8d\xbe\xc1\xb3tV\xc0\
\x13sJS\xa4\x9d\x1f\xc5\xdb\xb3\x1a\xe8\x81\xd2\xe2B\
\x16\xad\x85\xb6\xdfU}\xec\xaa\x05\xca\xbezhz[\
\xa7\xf2\xa8\xdc9\xa8\x09\x87\xcb!\xcc\xabthF\xcf\
\xaa\xce\xf1>\xb2V\xada\x03\xddS\xe6\x83v\x13J\
\xd0\x93\x15\x0c?;\xe0\xe3p\x8d\x15j4\xeb\xe1\x80\
\xed\xba\x1d\xcc\xd2\xc4\xd5\x00 \x94aP\x11\xaafq\
dh\x04\xa6U\xacu\x8d8\xf2\x03\xfb\xd1\xb0\xd3[\
!#\xb1\x93\x11D\x01\xb7D\x9b\xe0\x8a\x9e\xe9n\x0c\
&\xf61\xe3\x82\xf4f\x1b\x1fA\x97\x80\x89\xa0\x9bF\
\xf9\x09\xb7\xe8\x91\x05\xc2\x94\xaa~\xe7\x83\x92\xf4\x95k\
q\xcb%\xe6\xab\xb3v\xfd\xb2(#\x81\xb4\xef\xf8e\
F\x12\xad6\xc1v\xc9inCc\x88\xac@O\x15\
{\x1dr\x87\x94@\xe4\xd86\xa2r.h\xf5/K\
\xde\xd5\x9fA\xb58\xc9\x15\x22&\x9e\x22\xb2X1\xba\
\xbd\xa2\x8d\xd7F\xd7\x0a\xfe\x8a\xbe\xbf\x82.\xc0\x89\xf3\
u\xda\xe8%\xe4\x10\x09\xd5\xea( \xb6\xd5svy\
\xda\x99\xdbZ\xdd\xce\xaatHfb\xfd\x9c\xb2\x88{\
\xb3V\x87E M*T[\xad^\xaf\xb3\x08Z\xb9\
38\x1d\x8a*\xabk\x05a\xc4\x9c\xda'\xb3s\xff\
\xf0O\xb75\xbaN\xa5\xd9\x00V\x9bj9v\xfe\x8b\
\x7f\xfa4\xc8\xe8\xa86\xe6\xcf\x16\xe97\xaf\xe6\x7f{\
\xaa\xf4\xf0T\xeaa\xea\xc5Ce?\x9b\xa4^\x91\xd6\
t8\xc2(I\xec\x9b$\xd68G]/4\x04\xee\
r\x8a\x17\x0d\xb1\xa3\xa0gQ\xfa\x7f\x8a\x1c\xafv\x8c\
\x02t\x13H\xa6\xa0\xb4NI|\xecs\xd4\x95\xed\x9c\
\x0e\xce\x07rH*\xf4\xb3\xb7\x1e>muln\xff\
@\xb5L\xb3\xac\x99\xf74h\x01^\x0c\x0b\x05 \xf5\
\xacw\xf3B\xd4i\xb2N\xc3\xd6\x1d)\xefO3\x0d\
\xf1\xc1\x1f\xe8\x1d\xdd\x13c\xf1\x909\x9eV\x94\xeeX\
n\xe9X\xdfH\xc7\x87.`po\x0b\xfc\xee\x93\x8d\
<\x8c\xf2\x15\xce\xbf&\x1d/W\xf3\x1b\x03\x1f\xd2\xd2\
\x7f\x92\x16\x0d\xbc\xb9\xd4%\xfe\xd4\xfa\xf67\x9f|}\
\xc3\xd3\xecz\xd5\x96+\xa9\x86\xac^'\x8cdU\x03\
\xd0\xf5;\xa6\xaf\xc2\x02\x17\xc0+\xd7\xect\xa3.\xa5\
\x91\xc3\x15\xdd~\xceG\x8d\xb6\xd6\xf7\xd1\xaa\x1al-\
\xae\xf98\xe8\x83?\xae.\x07\x83=u]P\xeeO\
\xf2o\xfa\xa7\x9c\x8f|'\xfd\x1c\x0b\xd2\x9a\xe2g%\
\xd1\xf0\xe8\xc1G\xca\xd8\xea\xeb[\x83\xb7&\x85!\xe6\
\x1eE\xc7\xa7\xa3l\xbb\xbe[\xa0\xf1\xa5\x1d\xc6\x03j\
\x83\xf0[_D\x9a\x7f\xf4\x0d\xe6}\xc5sn]\x91\
\x1e\xd8\xd4\x80\xabB\x0c\x94\x08B\xc3B\x11\xfd\xa3\xb7\
j\x22\xbd\xdc\xb1\xd0/\xe50\xc3w\x9d^e\x8a\xb1\
\xd4h\x9ay\x15\xe0kR\xdf+\xf5a\x18\xce\xa9\xcd\
\xf1\x22t?\xe0E\xbfa\xf8\xf0e\xfe\xcdh1}\
\xbd\x0b\xe6:\x88\xe7Sw5 +\xcfj8\xdf\xb3\
]\xc5\x80\x0f\xbd\x0b\xc6|\xed,\x95\xf4N\xa8i;\
 \xa4\xdf\xfc\x06\xc9\xfc\x99/\xe9\xff\xcf&\xc2\xab\xc1\
\xcf\xe6\xbfs\xf2\xba(;\xfbg\xb7\x00\x00\x01\x84i\
CCPICC profile\x00\x00\
x\x9c}\x91=H\xc3@\x1c\xc5_\xd3JEZ\x1c\
\xec \xe2\x10\xa4:Y\x10\x15q\xd4*\x14\xa1B\xa8\
\x15Zu0\xb9\xf4\x0b\x9a\x18\x92\x14\x17G\xc1\xb5\xe0\
\xe0\xc7b\xd5\xc1\xc5YW\x07WA\x10\xfc\x00qs\
sRt\x91\x12\xff\x97\x14Z\xc4xp\xdc\x8fw\xf7\
\x1ew\xef\x00\xa1Qe\x9a\x15\x1a\x034\xdd63\xa9\
\xa4\x98\xcb\xaf\x88\xe1W\x84\x11B\x04C\x88\xca\xcc2\
f%)\x0d\xdf\xf1u\x8f\x00_\xef\x12<\xcb\xff\xdc\
\x9f#\xaa\x16,\x06\x04D\xe2\x19f\x986\xf1:\xf1\
\xd4\xa6mp\xde'\x8e\xb1\xb2\xac\x12\x9f\x13\x8f\x9at\
A\xe2G\xae+\x1e\xbfq.\xb9,\xf0\xcc\x98\x99\xcd\
\xcc\x11\xc7\x88\xc5R\x07+\x1d\xcc\xca\xa6F<I\x1c\
W5\x9d\xf2\x85\x9c\xc7*\xe7-\xceZ\xb5\xc6Z\xf7\
\xe4/\x8c\x14\xf4\xe5%\xae\xd3\x1cD\x0a\x0bX\x84\x04\
\x11\x0aj\xa8\xa0\x0a\x1b\x09ZuR,dh?\xe9\
\xe3\x1fp\xfd\x12\xb9\x14rU\xc0\xc81\x8f\x0dh\x90\
]?\xf8\x1f\xfc\xee\xd6*N\x8c{I\x91$\xd0\xf5\
\xe28\x1f\xc3@x\x17h\xd6\x1d\xe7\xfb\xd8q\x9a'\
@\xf0\x19\xb8\xd2\xdb\xfe\x8d\x060\xfdIz\xbd\xad\xc5\
\x8f\x80\xdem\xe0\xe2\xba\xad){\xc0\xe5\x0e\xd0\xffd\
\xc8\xa6\xecJA\x9aB\xb1\x08\xbc\x9f\xd17\xe5\x81\xbe\
[\xa0g\xd5\xeb\xad\xb5\x8f\xd3\x07 K]\xa5o\x80\
\x83C`\xa4D\xd9k>\xef\xee\xee\xec\xed\xdf3\xad\
\xfe~\x00\x1b\x98r\x84\xe7\x1c\xff\x16\x00\x00\x0d\xfdi\
TXtXML:com.adobe\
.xmp\x00\x00\x00\x00\x00<?xpack\
et begin=\x22\xef\xbb\xbf\x22 i\
d=\x22W5M0MpCehiHzr\
eSzNTczkc9d\x22?>\x0a<\
x:xmpmeta xmlns:\
x=\x22adobe:ns:meta\
/\x22 x:xmptk=\x22XMP \
Core 4.4.0-Exiv2\
\x22>\x0a <rdf:RDF xml\
ns:rdf=\x22http://w\
ww.w3.org/1999/0\
2/22-rdf-syntax-\
ns#\x22>\x0a  <rdf:Des\
cription rdf:abo\
ut=\x22\x22\x0a    xmlns:\
xmpMM=\x22http://ns\
.adobe.com/xap/1\
.0/mm/\x22\x0a    xmln\
s:stEvt=\x22http://\
ns.adobe.com/xap\
/1.0/sType/Resou\
rceEvent#\x22\x0a    x\
mlns:dc=\x22http://\
purl.org/dc/elem\
ents/1.1/\x22\x0a    x\
mlns:GIMP=\x22http:\
//www.gimp.org/x\
mp/\x22\x0a    xmlns:t\
iff=\x22http://ns.a\
dobe.com/tiff/1.\
0/\x22\x0a    xmlns:xm\
p=\x22http://ns.ado\
be.com/xap/1.0/\x22\
\x0a   xmpMM:Docume\
ntID=\x22gimp:docid\
:gimp:63447ba1-b\
2de-4f5f-a9a5-85\
1e9afed726\x22\x0a   x\
mpMM:InstanceID=\
\x22xmp.iid:0902ba2\
d-00c5-42ae-8aff\
-ffe642e9b8db\x22\x0a \
  xmpMM:Original\
DocumentID=\x22xmp.\
did:e2a3eef3-991\
1-4bda-8c7e-9f7a\
c5fedbce\x22\x0a   dc:\
Format=\x22image/pn\
g\x22\x0a   GIMP:API=\x22\
2.0\x22\x0a   GIMP:Pla\
tform=\x22Linux\x22\x0a  \
 GIMP:TimeStamp=\
\x22162540208220924\
7\x22\x0a   GIMP:Versi\
on=\x222.10.24\x22\x0a   \
tiff:Orientation\
=\x221\x22\x0a   xmp:Crea\
torTool=\x22GIMP 2.\
10\x22>\x0a   <xmpMM:H\
istory>\x0a    <rdf\
:Seq>\x0a     <rdf:\
li\x0a      stEvt:a\
ction=\x22saved\x22\x0a  \
    stEvt:change\
d=\x22/\x22\x0a      stEv\
t:instanceID=\x22xm\
p.iid:06a323c9-f\
423-4155-9143-ed\
ac4ec484dd\x22\x0a    \
  stEvt:software\
Agent=\x22Gimp 2.10\
 (Linux)\x22\x0a      \
stEvt:when=\x222021\
-07-04T10:29:04+\
02:00\x22/>\x0a     <r\
df:li\x0a      stEv\
t:action=\x22saved\x22\
\x0a      stEvt:cha\
nged=\x22/\x22\x0a      s\
tEvt:instanceID=\
\x22xmp.iid:e4ad07e\
1-ff62-4468-bfde\
-60ef8741a9da\x22\x0a \
     stEvt:softw\
areAgent=\x22Gimp 2\
.10 (Linux)\x22\x0a   \
   stEvt:when=\x222\
021-07-04T14:34:\
42+02:00\x22/>\x0a    \
</rdf:Seq>\x0a   </\
xmpMM:History>\x0a \
 </rdf:Descripti\
on>\x0a </rdf:RDF>\x0a\
</x:xmpmeta>\x0a   \
                \
                \
                \
                \
                \
                \
 \x0a              \
                \
                \
                \
                \
                \
      \x0a         \
                \
                \
                \
                \
                \
           \x0a    \
                \
                \
                \
                \
                \
                \
\x0a               \
                \
                \
                \
                \
                \
     \x0a          \
                \
                \
                \
                \
                \
          \x0a     \
                \
                \
                \
                \
                \
               \x0a\
                \
                \
                \
                \
                \
                \
    \x0a           \
                \
                \
                \
                \
                \
         \x0a      \
                \
                \
                \
                \
                \
              \x0a \
                \
                \
                \
                \
                \
                \
   \x0a            \
                \
                \
                \
                \
                \
        \x0a       \
                \
                \
                \
                \
                \
             \x0a  \
                \
                \
                \
                \
                \
                \
  \x0a             \
                \
                \
                \
                \
                \
       \x0a        \
                \
                \
                \
                \
                \
            \x0a   \
                \
                \
                \
                \
                \
                \
 \x0a              \
                \
                \
                \
                \
                \
      \x0a         \
                \
                \
                \
                \
                \
           \x0a    \
                \
                \
                \
                \
                \
                \
\x0a               \
            \x0a<?x\
packet end=\x22w\x22?>\
\xb7\xadP\x9d\x00\x00\x00\x06bKGD\x00\x00\x00\x00\
\x00\x00\xf9C\xbb\x7f\x00\x00\x00\x09pHYs\x00\x00\
\x0e\xc4\x00\x00\x0e\xc4\x01\x95+\x0e\x1b\x00\x00\x00\x07t\
IME\x07\xe5\x07\x04\x0c\x22*\xc2\x0c\x1dD\x00\x00\
 \x00IDATx\xda\xed\xdd{\x9c\x95\xf5}\xe8\
\xfb\xef\xba\xcc03\x5c\x86\xfb\x9d\x08\xa2\xa8(x\xe1\
*j\x1aR\x8c&&\xa9\xda\xec45m^M\xab\
1\xfb\xe4\xd5\xe6\xa4\xcd\xee\xdeMS)\xc9\xdem\xcf\
9\xaf}v\x93\xddx\xc36\x92\x934\xdah\xa2Q\
4\x02B\xaaA\x89\x01D\x05QD@PAE\xee\
0\xcce\xad\xe7\xfc\x910e\xb1\xe6\xce\x0c\xac5\xbc\
\xdf\xaf\xd7\xfc1\xcf\xba\xfff1|\xd63\xbf\xe7\xf7\
\xa4\x92$I\x02\x00\x00(iiC\x00\x00\x00\xc2\x1d\
\x00\x00\x10\xee\x00\x00 \xdc\x01\x00\x00\xe1\x0e\x00\x00\x08\
w\x00\x00\x10\xee\x00\x00\x80p\x07\x00\x00\x84;\x00\x00\
\x08w\x00\x00@\xb8\x03\x00\x80p\x07\x00\x00\x84;\x00\
\x00 \xdc\x01\x00@\xb8\x03\x00\x00\xc2\x1d\x00\x00\x10\xee\
\x00\x00 \xdc\x01\x00\x00\xe1\x0e\x00\x00\x08w\x00\x00\x10\
\xee\x00\x00\x80p\x07\x00\x00\xe1\x0e\x00\x00\x08w\x00\x00\
@\xb8\x03\x00\x80p\x07\x00\x00\x84;\x00\x00 \xdc\x01\
\x00@\xb8\x03\x00\x00\xc2\x1d\x00\x00\x84;\x00\x00 \xdc\
\x01\x00\x00\xe1\x0e\x00\x00\xc2\x1d\x00\x00\x10\xee\x00\x00\x80\
p\x07\x00\x00\xe1\x0e\x00\x00\x08w\x00\x00@\xb8\x03\x00\
\x80p\x07\x00\x00\x84;\x00\x00\x08w\x00\x00@\xb8\x03\
\x00\x00\xc2\x1d\x00\x00\x84;\x00\x00 \xdc\x01\x00\x00\xe1\
\x0e\x00\x00\xc2\x1d\x00\x00\x10\xee\x00\x00 \xdc\x01\x00\x00\
\xe1\x0e\x00\x00\x08w\x00\x00\x10\xee\x00\x00\x80p\x07\x00\
\x00\x84;\x00\x00\x08w\x00\x00@\xb8\x03\x00\x00\xc2\x1d\
\x00\x00\x84;\x00\x00 \xdc\x01\x00@\xb8\x03\x00\x00\xc2\
\x1d\x00\x00\x10\xee\x00\x00 \xdc\x01\x00\x00\xe1\x0e\x00\x00\
\x08w\x00\x00\x10\xee\x00\x00\x80p\x07\x00\x00\xe1\x0e\x00\
\x00\x08w\x00\x00@\xb8\x03\x00\x80p\x07\x00\x00\x84;\
\x00\x00 \xdc\x01\x00@\xb8\x03\x00\x00\xc2\x1d\x00\x00\x10\
\xee\x00\x00 \xdc\x01\x00\x00\xe1\x0e\x00\x00\xc2\x1d\x00\x00\
\x10\xee\x00\x00\x80p\x07\x00\x00\xe1\x0e\x00\x00\x08w\x00\
\x00@\xb8\x03\x00\x80p\x07\x00\x00\x84;\x00\x00\x08w\
\x00\x00@\xb8\x03\x00\x00\xc2\x1d\x00\x00\x84;\x00\x00 \
\xdc\x01\x00\x00\xe1\x0e\x00\x00\xc2\x1d\x00\x00\x10\xee\x00\x00\
\x80p\x07\x00\x00\xe1\x0e\x00\x00\x08w\x00\x00\x10\xee\x00\
\x00\x80p\x07\x00\x00\x84;\x00\x00\x08w\x00\x00@\xb8\
\x03\x00\x00\xc2\x1d\x00\x00\x84;\x00\x00 \xdc\x01\x00@\
\xb8\x03\x00\x00\xc2\x1d\x00\x00\x10\xee\x00\x1c\xb3d\xc9\x92\
X\xb6l\x99\x81\x00\xe8e\xb2\x86\x00\xa0wE\xfb\xc2\
\x85\x0b\x9b\xbf\x9f7o\x9eA\x01\xe8%\xecq\x07\xe8\
\xa5\xd1~\xd7]w\xd9\xf3\x0e \xdc\x01(\xe5h\x17\
\xef\x00\xc2\x1d\x802\x89\xf6\xe3\xe3}\xc5\x8a\x15\x06\x0a\
\xa0\xcc\x99\xe3\x0eP\xc6\x1e{\xec\xb1\xf8\xeew\xbf\xdb\
\xee\xf5n\xbf\xfd\xf6\x88\x88\x98;w\xaeA\x03(S\
\xf6\xb8\x03\xf4\xf2h?>\xde\x97/_n\xe0\x00\xca\
T*I\x92\xc40\x00\xf4\xeeh?\xde\xad\xb7\xdej\
\xb5\x19\x802d\x8f;\xc0\x19\x14\xed\x11\x0eX\x05\x10\
\xee\x00\x94|\xb4\x8bw\x00\xe1\x0e@\x99D\xbbx\x07\
\x10\xee\x00\x94I\xb4\x1f\x1f\xefK\x97.5\xc0\x00e\
\xc0\xc1\xa9\x00gh\xb4\x1f\xef\xe6\x9bo\x8ek\xae\xb9\
\xc6`\x03\x940{\xdc\x01\xce\xf0h\x8f\x88\xb8\xe7\x9e\
{b\xc9\x92%\x06\x1c@\xb8\x03P\xaa\xd1~\xcc\xc2\
\x85\x0b\xcdy\x07\x10\xee\x00\x94r\xb4\x1f\xe3\x80U\x00\
\xe1\x0e@\x89G\xbbx\x07(mYC\x00P:\x16\
/^\x1c\xf7\xde{\xefi\x7f\x1ew\xdduWD\x84\
3\xac\x02\x94\x10\xab\xca\x00\x94\x88G\x1f}4\x16-\
ZTR\xcf\xe9\x0b_\xf8B\x5c}\xf5\xd5~8\x00\
%\xc0T\x19\x00\xd1\xde\xaa\xbb\xef\xbe\xdbj3\x00\xc2\
\x1d\x80R\x8e\xf6c\x16.\x5c(\xde\x01\x84;\x80h\
/\xe5h\x17\xef\x00\xc2\x1d@\xb4\x97I\xb4\x8bw\x00\
\xe1\x0e \xda\xcb\x8cx\x07\x10\xee\x00\xa2]\xbc\x03 \
\xdc\x01D\xbbx\x07\x10\xee\x00\x9cA\xd1.\xde\x01\x84\
;@\xaf\xb5d\xc9\x92^\x15\xed\xe2\x1d@\xb8\x03\xf4\
\xcah_\xb8pa\xaf}}\xe2\x1d@\xb8\x03\x88v\
\xf1\x0e\x80p\x07\x10\xed\xe2\x1d@\xb8\x03\x88\xf63(\
\xda\xc5;\x80p\x07\x10\xed\xe2\x1d\x00\xe1\x0e \xda\xc5\
;\x80p\x07\x10\xed\xe2\xdd@\x00\x08w\x00\xd1.\xde\
\x01\x84;\x00\xa2]\xbc\x03\x08w\x00\xd1.\xde\x01\x10\
\xee\x00\xa2]\xbc\x03\x08w\x00D\xbbx\x07\x10\xee\x00\
\xa2]\xbc\x03 \xdc\x01D\xbbx\x07\x10\xee\x00\xa2\x1d\
\xf1\x0e \xdc\x01D\xbbx\x07\x10\xee\x00\x88v\xf1\x0e\
 \xdc\x01D;\xe2\x1d@\xb8\x03\x88v\xf1\x0e \xdc\
\x01D;\xe2\x1d@\xb8\x03\x88v\xc4;\x80p\x07\x10\
\xed\xe2\x1d@\xb8\x03\x88v\xc4;\x80p\x07\x10\xed\xe2\
]\xbc\x03\x08w\x00\xd1.\xde\x01\x84;\x80hG\xbc\
\x03\x08w\x00\xd1.\xde\x01\x84;\x80hG\xbc\x03\x08\
w\x00\xd1\x8ex\x07\x10\xee\x00\xa2]\xbc\x03\x08w\x00\
\xd1\x8ex\x07\x10\xee\x00\xa2\x1d\xf1\x0e \xdc\x01\xd1\x8e\
x\x07\x10\xee\x00\xa2\x1d\xf1\x0e \xdc\x01D;\xe2\x1d\
\x10\xee\x00\xa2\x1d\xf1\x0e \xdc\x01D;\xe2\x1d@\xb8\
\x03\x88v\xc4; \xdc\x01D;\xe2\x1d@\xb8\x03\x88\
v\xc4;\x80p\x07D;\xe2]\xbc\x03\xc2\x1d@\xb4\
#\xde\x01\x84;\x80hG\xbc\x03\x08w@\xb4#\xde\
\x01\x84;\x80hG\xbc\x03\x08w@\xb4\x83x\x07\x84\
;\x80hG\xbc\x03\x08w\x00\xd1\x8ex\x07\x10\xee\x80\
h\x07\xf1\x0e\x08w\x00\xd1\x8ex\x07\x10\xee\x00\xa2\x1d\
\xf1\x0e \xdc\x01\xd1\x0e\xe2\x1d\x10\xee\x00\xa2\x1d\xf1\x0e\
 \xdc\x01\xd1\x0e\xe2\x1d\x10\xee\x00\xa2\x1d\xc4; \xdc\
\x01D;\xe2\x1d@\xb8\x03\xa2\x1dz0\xde\x97/_\
n \x00\xe1\x0e\x88v\xd1N\xa9\xbb\xe3\x8e;b\xc5\
\x8a\x15\x06\x02\x10\xee\x80h\x87Rw\xfb\xed\xb7\x8bw\
@\xb8\x03\xa2\x1d\xc4;\x80p\x07D;\x88w@\xb8\
\x03\x88v\xc4;\x80p\x07D;\x88w\x00\xe1\x0e\x88\
v\x10\xef\x80p\x07\x10\xed\x88w\x00\xe1\x0e\x88v\x10\
\xef\x80p\x078iK\x97.\x15\xed\x88w\x00\xe1\x0e\
\x94\xb2\x15+V\xc4\xddw\xdfm \x10\xef\x00\xc2\x1d\
(\xe5h\xbf\xfd\xf6\xdb\x0d\x04\xe2\x1d@\xb8\x03\xa2\x1d\
\xc4; \xdc\x01D;\x88w@\xb8\x03\xa2\x1d\xc4;\
\x80p\x07D;\x88w@\xb8\x03\x88v\x10\xef\x80p\
\x07D;\x88w\x00\xe1\x0e\x88v\x10\xef\x80p\x07D\
; \xde\x01\xe1\x0e\x88v\x10\xef\x80p\x07\x10\xed \
\xde\x01\xe1\x0e\x88v@\xbc\x03\xc2\x1d\x10\xed \xde\x01\
\xe1\x0e\x88v\xd1\x0e\xe2\x1d\x10\xee\x80h\x07\xc4; \
\xdc\x01\xd1\x0e\xe2\x1d\x10\xee\x80h\x07\xc4; \xdc\x01\
\xd1\x0e\xe2\x1d@\xb8\x03\xa2\x1d\xc4; \xdc\x01\xd1\x0e\
\x88w@\xb8\x03\xa2\x1d\xc4; \xdc\x01\xd1\x0e\x88w\
@\xb8\x03\xa2\x1d\x10\xef\x80p\x07D;\x88w\xa07\
\xca\x1a\x028\xf3<\xf9\xe4\x93q\xe7\x9dw\x1a\x08(\
\xd3x\x8f\x88\x98;w\xae\xc1\x00\xe1\x0e\xf4fK\x96\
,\x89\x85\x0b\x17\x1a\x08\x10\xef@\x991U\x06D;\
P\xa6\xf1n\xda\x0c\x08w@\xb4\x03\xe2\x1d\x10\xee\x80\
h\x07\xc4; \xdc\x01\xd1\x0e\xe2\x1d\x10\xee\x80h\x07\
\xc4;p:XU\x06z\xa9\x9f\xfd\xecg\xf1\xcf\xff\
\xfc\xcf\x06\x02\xce\xb0x\x8f\xb0\xda\x0c\x08w\xa0l<\
\xf6\xd8c\xf1\xdd\xef~\xd7@\x80x\x07z\x11Se\
@\xb4\x03\xbd0\xdeM\x9b\x01\xe1\x0e\x88v@\xbc\x03\
\xc2\x1d\x10\xed\x80x\x07\x84;\x88v@\xbc\x03\xc2\x1d\
\x10\xed@\xa9\xc6\xfb\xf2\xe5\xcb\x0d\x04\x94\xb9T\x92$\
\x89a\x00\xd1\x0e\xf4~\xb7\xdezk\xcc\x9b7\xcf@\
@\x99\xb2\xc7\x1dD;p\x86\xb8\xeb\xae\xbbb\xd9\xb2\
e\x06\x02\x84; \xda\x01\xf1\x0e\x08w@\xb4\x03\xe2\
\x1d\x84; \xda\x813-\xde\x97.]j \xa0\x8c\
88\x15D;p\x06\xbb\xf9\xe6\x9b\xe3\x9ak\xae1\
\x10P\x06\xecq\x07\xd1\x0e\x9c\xc1\xee\xb9\xe7\x9eX\xb2\
d\x89\x81\x00\xe1\x0e\x88v\xa0\xd4-\x5c\xb8\xd0\x9cw\
(\x03YC\x00\xa5k\xf1\xe2\xc5q\xef\xbd\xf7\x1a\x08\
\xa0\xc7\xddu\xd7]\x11\x11\xd6y\x07\xe1\x0et\xd6#\
\x8f<\x12\xdf\xfb\xde\xf7\x0c\x04 \xde\x81\x880U\x06\
D;\xc0\x09\xf1n\xda\x0c\x08w\xa0\x03\x1e}\xf4Q\
\xd1\x0e\x9c\xf6x\xb7T$\x08w\xa0\x9dh_\xb4h\
\x91\x81\x00N\xbb\xbb\xef\xbe\xdbj3 \xdc\x01\xd1\x0e\
\x94\x83\x85\x0b\x17\x8aw\x10\xee\x80h\x07\xc4; \xdc\
A\xb4\x03\x88w\x10\xee\x80h\x07\xc4; \xdcA\xb4\
\x03\x88w@\xb8\x83h\x07\x10\xef \xdc\x01\xd1\x0e\x88\
w@\xb8C\xb9[\xb2d\x89h\x07\xc4; \xdc\xa1\
\xd4\xa3}\xe1\xc2\x85\x06\x02\x10\xef\x80p\x07\xd1\x0e \
\xdeA\xb8\x03\xa2\x1d@\xbc\x83p\x07\xd1\x0e \xde\x01\
\xe1\x0e\xa2\x1d@\xbc\x83p\x07D;\x80x\x07\xe1\x0e\
\xa2\x1d@\xbc\x83p7\x04 \xda\x01\xc4;\x08w\x10\
\xed\x00\xe2\x1d\x10\xee \xda\x01\xc4;\x08w@\xb4\x03\
\x88w\x10\xee \xda\x01\xc4; \xdcA\xb4\x03\x88w\
\x10\xee \xdaE;\x80x\x07\xe1\x0e\xa2\x1d@\xbc\x03\
\xc2\x1dD;\x80x\x07\xe1\x0e\xa2\x1d\x00\xf1\x0e\xc2\x1d\
D;\x80x\x07\xe1\x0e\x88v\x00\xf1\x0e\xc2\x1dD;\
\x00\xe2\x1d\x84;\x88v\x00\xf1\x0e\xc2\x1dD;\x00\xe2\
\x1d\x84;\x88v\x00\xc4;\x08w\x10\xed\x00\xe2\x1d\x84\
;\x88v\x00\xc4;\x08w\x10\xed\x00\xe2\x1d\x10\xee\x88\
v\xd1\x0e \xdeA\xb8\x83h\x07@\xbc\x83p\x07\xd1\
\x0e \xdeA\xb8\x83h\x07@\xbc\x83p\x07\xd1\x0e\x80\
x\x07\xe1\x0e\xa2\x1d@\xbc\x83p\x07\xd1\x0e\x80x\x07\
\xe1\x0e\xa2\x1d\x00\xf1\x0e\xc2\x1d\xd1\x0e\x80x\x07\xe1\x0e\
\xa2\x1d\x00\xf1\x0e\xc2\x1dD;\x00\xe2\x1d\xe1\x0e\xa2\x1d\
\x00\xf1\x0e\xc2\x1dD;\x00\xe2\x1d\x84;\x88v\x00\xc4\
;\xc2\x1dD;\x00\xe2\x1d\x84;\x88v\x00\xc4;\x08\
wD;\x00\xe2\x1d\x84;\x88v\x00\xc4;\x08w\x10\
\xed\x00\x88w\x10\xee\x88v\x00\xc4;\x08w\x10\xed\x00\
\x88w\x10\xee\x88v\x00\x10\xef\x08w\x10\xed\x00\x88w\
\x10\xee \xda\x01\x10\xef \xdc\x11\xed\x00 \xde\x11\xee\
 \xda\x01\x10\xef \xdcA\xb4\x03 \xdeA\xb8#\xda\
\x01@\xbc#\xdcA\xb4\x03 \xdeA\xb8#\xda\x01@\
\xbc#\xdcA\xb4\x03\xc0q\xf1\xbe|\xf9r\x03\x81p\
\x07\xd1\x0e@\xa9\xbb\xe3\x8e;b\xc5\x8a\x15\x06\x02\xe1\
\x0e\xa2\x1d\x80Rw\xfb\xed\xb7\x8bw\x84;\x88v\x00\
\xc4;\x08wD;\x00\x88w\x84;\x88v\x00\xc4;\
\x08wD;\x00\x88w\x10\xee\x88v\x00\x10\xef\x08w\
\x10\xed\x00\x88w\x10\xee\x88v\x00\x10\xef\x08w\xe8v\
K\x97.\x15\xed\x00\x88w\x10\xee\x94\xb2\x15+V\xc4\
\xddw\xdfm \x00\x10\xef \xdc)\xe5h\xbf\xfd\xf6\
\xdb\x0d\x04\x00\xe2\x1d\x84;\xa2\x1d\x00\xc4;\xc2\x1dD\
;\x00\x88w\x84;\xa2\x1d\x00\xc4;\x08wD;\x00\
\x88w\x84;\x88v\x00\x10\xef\x08wD;\x00\x88w\
\x10\xee\x88v\x00\x10\xef\x08wD;\x00 \xde\x11\xee\
\x88v\x00\x10\xef\x08w\x10\xed\x00 \xde\x11\xee\x88v\
\x00@\xbc#\xdc\x11\xed\x00 \xde\x11\xee\x88v\xd1\x0e\
\x00\xe2\x1d\xe1\x8eh\x07\x00\xf1\x0e\xc2\x1d\xd1\x0e\x00\xe2\
\x1d\xe1\x8eh\x07\x00\xc4;\xc2\x1d\xd1\x0e\x00\xe2\x1d\x84\
;\xa2\x1d\x00\xc4;\xc2\x1d\xd1\xfe\x1f\xf2\xd9\xaaH\xd2\
\x19\x83\x0c@\xaf\xd0'\x22*\xc4;\xc2\x9d\xde\x18\xed\
\xbb?\xf2\xb5H\xb2}\x0c4\x00\xbd\xc2\x80T*\xfe\
KE\x85xG\xb8\xd3\xfb\xa2\xbda\xe4\x05\x06\x1a\x80\
^\xe5\xd2LF\xbc#\xdc\x11\xed\x00 \xde\xc5;\xc2\
\x1d\xd1\x0e\x00\xe2\x1d\xe1Nyx\xf2\xc9'E;\x00\
ts\xbcW\x8aw\x84;\xddi\xc9\x92%q\xe7\x9d\
w\x8av\x00\xe8\xe6x\xffo\xe2\x1d\xe1NwY\xb6\
lY,\x5c\xb8P\xb4\x03@\x0f\x98\x22\xde\x11\xeet\
W\xb4\xdfu\xd7]\xa2\x1d\x00\xc4;\xc2\x1d\xd1\x0e\x00\
\x88w\x84;\xa2\x1d\x00\xc4\xbbx\x17\xee\x88v\xd1\x0e\
\xdd\xa96\x22\xceJ\xa5\xe2\xdcT*\xceI\xa5b\x5c\
*\x15\xfd#\x22\x92\xc4\xe0\x80x\x17\xeftJ\xd6\x10\
\x88v\xd1Ng\xec\xbf\xf4\xd3q\xf8\xbcy\x9d\xbbQ\
\x92D*\xdf\x18\xe9\x86#\x919\xfc~d\xf7\xee\x88\
>\xefl\x8c\xaa\xb7\xd7G*\xdf\xd8\xe5\xe7\xb2\xeb\xc6\
\x7f\x8c|eM\x8f\xbc\xce\x11?\xfeJd\x1a\x0ew\
\xfav\xfd#\xe2\xaaL&.K\xa7\xe3\xdct:j\
R\xa9\x16\xafW\x97$\xb1#I\xe2\x95|>^\xc8\
\xe7cC>\x1f\xb9\x0e\xdc\xff\xdfUT\xc4\xd8t\xcf\
\xees\xf9\x7f\x1a\x1b\xe3\xa5|\xbe\xf9\xfb\x09\xa9T\xfc\
Ue\xeb\xc9\xf1\xff64\xc4+\x9d\xfc \xf2\x81T\
*\xfe\xba\xb22R\xad\x5c\xfe\xad\x86\x86\xd8\xd0\xca}\
~:\x93\x89y\xd9\x96\xff\xfb:\x90$\xf1\xd5\x86\x86\
n\x1d\x8f\xbf\xa9\xa8\x88q=4\xe6\xff\xa3\xa1!\xde\
\xf0!\xee\xcc\x89\xf7\x88\xf8\x87\xc6\xc6h\xe8\x81\xfb?\
\xb6\xbc\xf3\xdc\xb9s\x0d\xb6pG\xb4\x8bv~\xd3\xe0\
\x955\x91\xaf\x19\xd4\xa5\xdb\xe6\x22\xa2q\xc8\x84\x88\x0f\
L\x8fCqC\xa4\x1a\x0eG\xdfM\xcb\xa3\xff\x0b?\
\x89L\xfd\xc1\xce\xdf_\xf5\xc0H\xfa\xf4\xed\x99\x17\x9a\
\xea\x5c\xa8UE\xc4\x7f\xcaf\xe3\xdaL&*S\xa9\
v\xaf_\x9dJ\xc5\xa4T*&\xa5\xd3\xf1\xc9\x88\xd8\
\x9f$\xb1\xa2\xa9)\x16\xe7r\xb1\xaf\x8d\xdb\xf5I\xa5\
\xa2\xba\x03\xf7\x7f22'|\xbf5IbK>\x1f\
\xd32\x99\x16\xaf\xff\xb9\x8a\x8a\xf8Z}}D'\x9e\
\xd7g\xb3\xd9\x18\xdc\xca\xf5_\xcd\xe5bC>\xdf\xea\
\xfd\xd5\xa4R1\xa8\x95\xcbz\x22\xaf\x07\xb4\xf1x\xdd\
=\xd6\x94\x97\xa6N~\xe8\x12\xef\x9c,SeD\xbb\
h\xe74~\x08\xe8\x1b\x87.\xfaD\xec\xfa\xddoE\
\xdd\xb8ie\xfb:\xc6\xa4R\xf1\x7fWV\xc6'\xb3\
\xd9\x0eE{KjS\xa9\xb8\xbe\xa2\x22\xbe\xd3\xa7O\
\xdc\x94\xcdF\x9f\x12{\x8d?hj\x8a|+\x91r\
n:\x1ds2\x1dO\xd0\xc9\xa9T\x5c\xd6\xc6\xf5\xbf\
\xdf\xd4\xd4\xa9\x0f\x01p\xda~\x87u\xe16\xa6\xcd \
\xdc\x11\xed\x94\xf7\x7f~U\xfd\xe3\xfd\xdf\xfe\xcb8<\
\xf1\x83e\xf7\xdc\x87E\xc4\xdfVV\xc6\xa8n\x9aJ\
Q\x99J\xc5\x0d\xd9l\x8c/\xb1p\xdd\x91$\xf1\xef\
\xb9\xd6'\xf3|6\x9b\xed\xf0\x9fp\xff\xb0\xa2\xf5\x93\
\xc2\xaf\xce\xe5:=\xed\x06\xca\x8dxG\xb8#\xda)\
\xf3\xdfF\xe9\xd8{\xe5\x7f\x8e\x86\xc1\xe3\xcb\xeai\x7f\
\xa9\xa2\x22\x06vsd\xaf\xcf\xe5\xe2\xd5\x12\x8c\xd7\xfb\
\x9b\x9a\xa2\xa1\x95\xe75<\x9d\x8e\x8fv`\xaf\xfb\xec\
t:\xcei\xe5CN>I\xe2_\x9b\x9a\xfc[@\
\xbc\x8bw\x84\xbbh\x17\xed\xf4\xb4$I\x22rM\xc5\
_\xf9\x5c\xc7\xee \x93\x8d}\xb3?\xdfMo\xda|\
\xcb\xcf\xa5\xa3_\x1d\xf8#\xf8E\xa9T\x5c\xd8N\xac\
\xe6\x92$v\xe5\xf3\xb1#\x9f\x8f\xfd\x1d\x8c\xf1\x1f\x97\
h\xbc\xbe\x1f\x11\x8f\xb7\xf1\xdcn\xccf\xa3_[?\
\xde\x88\xb8)\xdb\xfa~\xf9\xa7r\xb9\xd8Qf{\xdb\
\xf3I\x12M'\xf1\xe5o\x0b\xe2]\xbc\xd3\x19\x0eN\
\x15\xed\xa74\xda\x930o\xb57\xcb\x1c=\x10\xa3\x7f\
xs\xcb\xef\xa3Le4\x0e\x1e\x1fG&\xcd\x8d\xc3\
\x93>\xdc\xea\xc1\x9f\x0d#'G\xc3\xa0\x0fD\xe5\xde\
\xed'\xf5\x5c\xfa\xad\x7f$\x06\xae\xfe~\x8f\xbe\xde\xd9\
\xedD\xfb\xd3MM\xf1\xcfMMq\xfc\xda4\xb5\x11\
qA:\x1d\x97\xa5\xd31+\x93)Zu\xe6\xb5|\
>^j#^\xbf\xd1\xd0\xd0\xe6\x01\x8dU\x11\xf1\xad\
\xaa\xaaV/\xbf\xaf\xb11V\xe4\xda\xfe \xd5\xd6a\
\xc2?\xc9\xe5\xe2\xb7\xb3\xd9\xe8\xd7\xc2_\x19\xfa\xa5R\
\xf1\xa9l6\xeem%\xee\xe7e2\xadN)jL\
\x92\xb8\xbf\x0c\xf7\xb6\xaf\xca\xe7\xe3\x7f56\xfa\xc7\xcf\
\xc9\xc5{\xf4\xec\x01\xabI\x92\xc4\x87?\xfca\x83\xdd\
\x0b\xd8\xe3\xde\x0b\xacX\xb1\xa2|\xf6\xb4g*\xfc\xc0\
\xce\xd4_6\xb9\x86\xe8\xf3\xde\xa6\x18\xb4\xf2\xae\x18\xb4\
\xe2\x1f\x7f\xbdw\xbe\x15G\xcb\xe4@\xd5\xf6\xe6\xa1\x9f\
\x18\xed\x11\x11\xfb\x7f\x13{\xb775\xc5\x17\xea\xeb\xe3\
\x7f74\xc4k\xc7-\xbd\xf8`;\xf1\xba?\x22\xf6\
\xb4\xf1\xb5\xb7\x9d\xe7|\xb8\x9d\xdb\xef\x89\x88\xc6vn\
\xff\x936\x9e\xe35\x99L\x8cla\x5c\xaa\x22\xe2S\
m|\xd0y\x22\x97\x8b\xdd\xfe\x99p&\xc7{\x0f\xee\
y\xbf\xe3\x8e;b\xd9\xb2e\x06Z\xb8S\x0a\xd1~\
l\xf9\xa7\x92\x8fv\xf8\x8d\xbe\xdb\x9e\x8d\xea\x1dk[\
\xbd\xbcq\xc8\xf8\xf2x\x1d\xed\x84{{+\xc3\xd4G\
\xc4S\xf9||\xad\xbe>\xfe\xbe\xa1!\xfe\xbd\xa9)\
\xd6\xe4r%\xff\xba\x1f\xcf\xe5b\xf7q\x1f6\x8e\x97\
M\xa5Z\x9c\x0e\xf3\x89L&\x06\xb6\xb2\xb7\xfdH\x92\
\x94\xec\xf4 \xe8-\xf1~\xd7]w\xc5\x93O>i\
\xa0\x85;\xa2\x1d:\xafj\xc7\xeaV/\xcb\xd5\x0c.\
\x8b\xd7P\xdf\xce\xe5\x9f\xaf\xa8\x88\x0e\xfd\x8d)\x95\x8a\
\xb5\xf9|\xfcS\x99,\x83\xd8\x18\xd1\xe6\xb4\x96\xd9\xe9\
t\x9cw\xdc\xeb\xa8\x8d\x88O\xb41\xb7\xfd\xe1\xa6\xa6\
8\xe8\x9f\x04\xc4\x94L&\xfe\xba\xa2\x22\xaaz\xe8\xfe\
\xef\xbc\xf3Ns\xde\x85;\xa2\x1d\xba\xf0\xcb\xa7n\x7f\
\xab\x97%\xe9\xf28\xfc\xe6\xadV\xf6:7\x07l&\
\x13\xff\xb3\xb22>\x9cN\xf7\xd8^\xb4\xd3\xe5\xdfs\
\xb9\xd8\xde\xca\xebO\xa5R\xf1\xb9\xe3\x96|\xfcT6\
\xdb\xeaI\xa3\xf6\xe6\xf3\xb1\xb8\x0c\xfe\xca\x00\xa7\xca\xe4\
L&\xbe\xd6\x83\xf1\xee\x80\xd5\xf2\xe6\xe0\xd42\xf4\xd4\
SO\x89v\xca^RY\xd3z\xd47\x1e=\xf9\xf7\
r\xd5\x80h\x18\xf4\x81\xce\x7f\xa0\xa8?\x18\xd9#{\
;t\xdd\xb5\xf9|\xb4\xb7\xf2\xfc\xa8t:\xfese\
e\xfcQ\x92\xc4\x9a|>\xd6\xe6r\xb1.\x9f/\xfb\
=\xccI*\x15?hl\x8c\xbf\xea\xd3\xf2\x84\xa0I\
\xe9t\x5c\x9eN\xc7\xd6|>\xe6\xb51\xb7\xfd\x81\xa6\
\xa6v\xffrQ\xcaj\x22\xe2\x03]\xf8+I]\x92\
\xc4{~\x0d\xd0\x8a\x0b2\x99\xf8ZD\xfc]cc\
\x1c\xed\x81\xfb\xbf\xfd\xf6\xdb#\x93\xc9\xc4\x07?\xf8A\
\x83-\xdc\xe9ic\xc6\x8c\x89\xea\xea\xea\xa8\xab\xab3\
\x18\x94\xad\xfa\x11\xe7\xb7\x1e\xcfG\xde?\xe9\xfb?2\
in\x1c\x99\xd4\xf9\xd3~\xf7{\xf9\xb1\x18\xb8\xea\xbb\
\x1d\xba\xee\xaa|>\xde\xce\xe7ct\x07N\xbeT\x9d\
J\xc5\x95\x99L\x5c\x99\xc9D>I\xe2\xb5$\x89g\
s\xb9x&\x97\x8b\xbde\xfa3\x5c\x9b$\xb1!\x97\
kuI\xcc\xcff\xb3\xb1-\x9f\x8fl+a\xbb3\
\x9f\x8f'\xdb\xf9\xabE\xa9\xbb$\x93\x89K:q\xd6\
\xd8cV\xe7r\xf1\x7fY\x8d\x86\xd3\xf5\x81\xb3\xa6&\
\xc6\x8c\x19c \xca\x90\xa92eh\xe2\xc4\x891\x7f\
\xfe\xfc\xa8\xae\xae\xee\xfe7D\xd3\xd1\x18\xba\xe4\xef\xa2\
r\xd7F\x03M\x8fi\xac\x1d\x1dG\xda8Kj\xc5\
\xfbo\x94\xc5\xeb\xc8E\xc4\xb7\x1a\x1b\xa3\xbe\x93k\x8f\
\xa7S\xa98/\x9d\x8e?\xaa\xa8\x88;\xfb\xf4\x89\xbf\
\xac\xa8\x88\x09\xa9\xf2\x5c*\xf5\xfbMM\xad\xae\x104\
\x22\x9d\x8eYm\xccm\xbf\xaf\xa9)L\x92\x81b\x1b\
s\xb9\x1e\xdb\xdb^SS\x13\xb7\xddv[L\x9c8\
\xd1@\x0bwNu\xbc\xf7\xeb\xd7O\xbcS6\x92\x88\
82nz\xbc\xf7\xd1\xf9\x11\xd9\xd6g}W\xbf\xb9\
\xb6l^\xd3\x96$\x89\xff\xde\xd0\x10{\xbbx\xe2\xa0\
t*\x1532\x99\xf8\x87\xca\xca_/\x97Xf'\
 \xda\x9c$\xb1\xaa\x0bs\xd4_\xcf\xe7\xe3\x992\xdf\
\xdb\x0e\xa2\x9dS\xcdT\x99^\x10\xef\x0b\x16,\x88C\
\x87\x0e\xf5H\xbc\x9b\xefNg\xe4+k\xe2\xfd\x0f\xfd\
\x9f-\x5c\x92\x8a|eM4\x0e>+\xf25\x83\xda\
\xbc\x8f\xca]/G\xc5\xfe\xb7\xca\xeau\xbf\x92$\xf1\
\xe5\xfa\xfa\xf8h&\x13\x1f\xc9fcH\x17\xf6\x9e\xa7\
S\xa9\xf8\xbd\x8a\x8a\xe8\x97J\xb5z\x02\xa3R\xf5\xc3\
\x5c.ff2\x91\xe9\xc4\xeb\xfe\x81i\x22 \xda\xe9\
\xfc\xff\x15\x86\xa0\xbc\x8d\x1f?\xde\x9ewJG\xa6\x22\
\xea\xce\xbe\xa2\x85\xaf9Q?\xf6\x92v\xa3=\xf2\xf9\
\xa8\xfd\xd5\xf7\xcb\xf2\xa5\xd7E\xc4\x8fs\xb9\xf8?\xea\
\xeb\xe3\x1f\x1a\x1a\xe2\x99\xa6\xa6NO\xa1\x89\x88\xb8.\
\x9b\x8d+\xd2\xe5\xf5\xabyg\x92\xc4\xb2N\xecu\x7f\
1\x97k\xf3\xec\xb0 \xdaE;-\xb3\xc7\xbd\x17\xc5\
{\xcf\xeey\xff\xabh\x189\xd9`\xd3\xa3\x06\xac\xf9\
\xd7\xe8\xf3\xdek\xdd\xf3\x19\xe2\xc0\xae\xa8\xd8\xf7f\xe7\
\x7f)\xee\xd9~R\x8f\x9b\x8f\x885\xf9|\xac\xc9\xe7\
\xa3\xb2\xa9)\xa6\xa6\xd3qI:\x1dS\xd2\xe9\x0e\x1d\
\xc4\x1a\x11qS6\x1b\xcf64D9M$y\xa0\
\xa9)~+\x93\x89\xaav\xf6\xba'I\x12?\xe8E\
'[\xda\x93$\xb1\xa5\x0bS~^3M\x88\xe3\xbc\
\xd2\x83\xd1\xde\xaf_\xbf\x98?\x7f~\x8c\x1f?\xde@\
\x0bw\xce\x98x\x7f\xe2\x7f\xc4\xee\xab\xff[4\x8c\x9e\
b\xb0\xe9~\xf9\x5c\x0cX\xfd\x83\x18\xb0\xfe\x91n\xbb\
\xcb\xeam\xbf\x8c\x81\xabO\xef\xde\xfb\x86\x88X\x9d\xcf\
\xc7\xea\xdfD\xda\x88\x88\xf8\xedl6>\x96\xc9D\x9f\
6\x02wx:\x1d\x93R\xa9x\xa5\x8c\xf6J\xef\x8b\
\x88G\x9b\x9a\xe2S\x15m\x9fr\xea\x99\x5c.\xb6\xf4\
\xa2\xbd\xed\xaf\xe4\xf3\xf1\xbfL\xfb\xe1$l\xca\xe5\xe2\
\xef{(\xdakkkc\xfe\xfc\xf91n\xdc8\x03\
\xddK\x98*\xd3\x0b\xe3\xbdG\xa6\xcd\xe4\x1ab\xe8\xd2\
\x7f\x88\xca\xb7_2\xd0t\xef\xde\x83\xbd\xdbc\xd8#\
\x7f\xdd\xad\xd1~*\x7f\x81~\xa4\x13\xd3Z\xde\x89\x88\
\x7fmj\x8a\xbf\xec\xc0\xc1\xacg\xa7\xcb\xef\xd7\xf3\xc3\
\xb9\x5c\xeco\xe3u5%I\xdc\xe7dKP\x10\xed\
\xff\xbd\xb11\x8e\x88v\x84\xbbx\x17\xef\x94\x83$[\
\x1d\x15\xfb\xdf,\xcb\xe7~U:\x1d\xb7TV\xc6\xd7\
**bp'n\xf7v\x92\xc4C\xedL\x17\xe9_\
\x86\xe3q4\xa2\xcd\x15f\xdeM\x92\xd8en;\x14\
D{O\x9c\x91E\xb4\xf7^\xa6\xca\xf4\xe2x\xef\x91\
i3\xbf\x89w\xd3fhI\xaa\xfeP\x0c]\xfa\xf7\
\xc5q\x9e\xe9\x13\xef_\xfd_#\xc9\x16\x9fe3\xd7\
\x7fX\x1c\xb8\xec31\xf0\xb9Ee\xf5Z\xd3\x11\xf1\
\xa9\xdf\xacQ~i&\x13\xff\x98N\xc7CMM\xb1\
8\x97\xeb\xd0\x99@\x0f\xb5\x13\xb0\xe5:\x03\xda\xccm\
h\xdf\xc6\xdfL\x8f\x11\xedt\xe5\xff\x1ezq\xbc\xdb\
\xf3\xce)\x0d\xf7|.\xfa\xbc\xbb\xa9\xe8\xabj\xe7K\
\xd1w\xc3c\xadG\xec\xe4\x8fE\xfd\xd0\xf2Z\xed\xe0\
\x83\xe9t\x8c<n:Ku*\x15\xbf\xff\x9b\x13*\
}6\x9b\x8d\xd1m\xcca\xcfF\xc4\x87\xdb9\xdb\xe6\
\xbb\xf6LC\xaf\x8d\xf6\xbf\x13\xedt\x91=\xeeg@\
\xbc\xdb\xf3N)\x18\xf0\xd2\xc3q\xf8\xfc\x8fD\xd2\xa7\
o\x0bo\xa8t\xec\xbd\xe2\x8b1\xe2\xa7\xff5RI\
\xf7\xec\xb3m\x1c\xf4\x818|\xee\xdc.\xdf\xbeb\xef\
\xf6\xa8\xdc\xfdz\x8b\x97e\xe2?\xf6\xb6\x9f\xa8_*\
\x15\xd7g\xb3q}6\x1bo\xe6\xf3\xb1>\x9f\x8f\xed\
\xf9|\xec\x8f_\xef)\x19\x9dJ\xc5\x073\x99\x18\xd3\
\xc6\x1c\xf6$Ib\x83UG\xba\xa4oD,h\xe7\
\x00\xd9\x13=\x9c\xcb\xc5\xda.\x8e\xf7\xf0T*\xe6\x9e\
\xc4\xf1\x08\xef%I\xac\xf7!\xed\x8c\x8bv\x07\xa2\x22\
\xdc\x11\xef\x94\xb4t\xc3\xe1\xe8\xff\xd2\xc3q`\xfaM\
-^\xde4d|\x1c\xbc\xe8\x131\xe0\xa5\x87\xbb\xe5\
\xf1\xea\xc7]\x1a\xf5\xe3.\xed\xf2\xed\xfb\xbd\xf4\xd3V\
\xc3\xfd\xb7\xd2\xe9\x18\xd1\x81X\x1b\x9bN\xc7\xd8.D\
\xdd\xf3\xf9|\xec\xf6\x96\xe9\xda\x7fj\xa9TLn\xe7\
\xaf\x19'z\xea$>$\x9d\x93N\xc79\x95\x95]\
\xbe\xfd\xaa\x5c.\xd6[\x95F\xb4\x8bv:\xfa\x7f\xa9\
!8s\xe2\xbd\xa6\xa6\xa6\xfb\xdf@\xa6\xcd\xd0\x99\x18\
~\xf9\xb1H\x1f\xd9\xdb\xea\xe5\x07.\xfdO\xd1\xd8\x7f\
D\xc9\xbf\x8e\xadI\x12\xbbzh\x8f\xf8\xd1$)\xbb\
3\xa7\x02\xa2\x1d\xe1N7\xc7\xfbm\xb7\xdd&\xde9\
\xbd\xbfp\x9a\xea\xa3\xff\xba\x07[\xbfB\xb6O\xec\xbb\
\xe2\xd6(\xf5\x89\x03[\x93$\xfe\xb2\xa1!\x1675\
E\xae\x1b\xa79\xd4'I\xfc\xcf\x86\x86\xd8i\xea\x04\
\x88v\xd1\x8ep?\xb3M\x9c8Q\xbcs\xda\xf5\xdb\
\xb4,2\x07\xdfi=^GO\x89#\xe7|\xa8\xe4\
_G]D\xdc\xdb\xd4\x14\x7f^_\x1fO55E\
\xd3I\xc6\xf6\xf6|>\xbe\xde\xd0\x10\xebD;\x88v\
\xd1\x8epG\xbcS\x0aR\xf9\x5c\x0cX\xfbom^\
g\xdf\xcc\xcfE\xaej@Y\xbc\x9e\xb7#\xe2\x7f7\
5\xc5\x17\xeb\xeb\xe3\xffkl\x8c\xd7\xf2\xf9H:\x11\
\xdf[\xf3\xf9\xb8\xbd\xa1!\xfeKCCl\x13\xed \
\xdaE;mpp\xea\x19\x1c\xef\xdf\xf8\xc67\xe2\xc8\
\x91\xee=_\x9b\x03V{\xbf\xaa7\xd7E\xba\xe1p\
\xcbQ\xdeX\xdf\xa1\xfb\xa8\xd9\xf2t\xe4\xfa\x0e\x89\xc8\
\xb4\xfe+\xa8\xb1vLd\x8e\x1eh\xf3~\xfa\xbf\xf8\
PD\xb6\xa2G^g\xe5;\xafv\xea\xfa\xfb#\xe2\
\xa7\xb9\x5c\xfc4\x97\x8b\xfe\x11qn:\x1d\xe3S\xa9\
\x18\x9eJ\xc5\x80T*\xfaDD\x12\x11G\x22\xe2\xfd\
|>\xb6'I\xbc\x9c\xcf\xc7;\xdd\xfc\xbc\x1b#\xe2\
\xdf\xda\x98#\xbf\xb9\x87W\xaby>\x9f\x8f\x83\xad<\
\xfe\xc1n\xfa`\xb2.\x9f\x8f\xc3\xddx\x1c\xc0\x96v\
\xc6dI.\x17\x03{h\xdc\xde\xb4z\x90h\x17\xed\
tB*I\xec\xe29S\xbd\xfe\xfa\xeb\xb1`\xc1\x82\
\xa8\xab\xeb\xfe\xd5d\xf3\x99\xca\x16\xe3}\xd4\x0fo\x89\
L\xdd>\x83\x0f@\xd9\x1b\x18\x11\x0b\xab\xaaD;\xa7\
\x8c\xa92g\xb0\x89\x13'\xc6\xfc\xf9\xf3\xa3\xba\xba\xba\
\xfb\xdfX\xa6\xcd\x00\xd0\xcb\x9d\xb8\x90\xa7hG\xb8#\
\xde\x01\xa0\x04%\xa2\x1d\xe1\x8ex\x07\x80\xf2!\xda\x11\
\xee\x88w\x00\x10\xed\xa2\x9df\x0eN\xa5@O\x1f\xb0\
\x9a\x8a$R9\xa7\xf7\x06\xa0\xfce\x22\xa2\x22B\xb4\
#\xdc\xe9\x9d\xf1\x0e\x00\x88v\xba\xc6T\x19\x8a\xf4\xe4\
\xb4\x19\x00@\xb4#\xdc\x11\xef\x00 \xda\x11\xee\x88w\
\x00@\xb4#\xdc\x11\xef\x00pF\xea\xd7\xaf_|\xfd\
\xeb_\x17\xed\x08w\xc4;\x00\x94r\xb4\xcf\x9f??\
\xc6\x8f\x1fo0\x10\xee\x88w\x00\x10\xed\x08w\xc4;\
\x00 \xda\x11\xee\x88w\x00\x10\xed \xdc\x11\xef\x00 \
\xda\x11\xee\x88w\x00@\xb4#\xdc\x11\xef\x00 \xda\x11\
\xee \xde\x01@\xb4#\xdc\x11\xef\x00 \xdaA\xb8#\
\xde\x01@\xb4#\xdcA\xbc\x03\x80hG\xb8#\xde\x01\
@\xb4\x83pG\xbc\x03\x80hG\xb8\x83x\x07@\xb4\
\x8bv\x84;\xe2\x1d\x00D;\xc2\x1d\xc4;\x00\x88v\
\x84;\xe2]\xbc\x03 \xdaA\xb8#\xde\x01@\xb4#\
\xdcA\xbc\x03\x80hG\xb8#\xde\x01@\xb4\x83pG\
\xbc\x03\x80hG\xb8\x83x\x07@\xb4\x83pG\xbc\x03\
\x80h\x07\xe1\x8ex\x07\x00\xd1\x8ep\x07\xf1\x0e\x80h\
\x07\xe1\x8ex\x07\x00\xd1\x8ep\x07\xf1\x0e\x80h\x17\xed\
\x08w\x10\xef\x00\x88v\xe8\xacT\x92$\x89a\xa0\xd4\
l\xdb\xb6-\x16,X\x10\x87\x0e\x1d2\x18\x00\x88v\
\x08{\xdc)Q\xe3\xc7\x8f\x8f\xf9\xf3\xe7G\xbf~\xfd\
\x0c\x06\x00\xa2\x1d\x84;\xe2\x1d\x00D;\xc2\x1d\xc4;\
\x00\xa2\x1d\x84;\xe2\x1d\x00D;\xc2\x1d\xc4;\x00\xa2\
\x1d\x84;\x88w\x00D;\x08w\xc4;\x00\x88v\x84\
;\x88w\x00D;\x08w\x10\xef\x00\x88v\x10\xee\x88\
w\x00D;\x94\xa3T\x92$\x89a\xa0\x9cm\xdb\xb6\
-\x16,X\x10\x87\x0e\x1d2\x18%\xa6\x7f\xff\xfeQ\
]]]\xb0m\xff\xfe\xfdQ__\x7f\xd2\xf7\x9dN\
\xa7c\xd8\xb0aQ[[\x1b\x99L&\x8e\x1e=\x1a\
\xef\xbe\xfbn\x1c>|\xb8\xcd\xdbUTT\xc4\xa0A\
\x83\xba\xf4\x98\xfb\xf6\xed\x8b\x86\x86\x86N\xdfn\xc8\x90\
!\x91\xc9dZ\xbd<\x9f\xcfG}}}\x1c>|\
8\xf2\xf9|\x87\xefw\xf8\xf0\xe1\x05\xdf744\xc4\
\xbe}\xfbZ\xbd~\xdf\xbe}\xa3o\xdf\xbe\x05\xdb\xf6\
\xec\xd9\x13MMM\xcd\xdf\xf7\xe9\xd3'jkk\x0b\
\xaes\xe0\xc0\x818z\xf4h\x9b\xcfe\xe0\xc0\x81Q\
YY\xd9\xfc}\x92$\xf1\xde{\xefEDD6\x9b\
-z\xae\x9dQ__\x1f\xef\xbf\xff~\xbb\xafe\xef\
\xde\xbd\xd1\xd8\xd8\xd8\xe1\xf1\xaa\xaf\xaf\x8f\xfd\xfb\xf7\xb7\
x\xdd\x11#F\x14\xfd\xcc\xf6\xee\xdd\x1buuu\xed\
>\xdf\xda\xda\xda\xa2\xe7v\xe4\xc8\x916\x7f6\x88v\
\xe8\x88\xac!\xa0\xdc\x1d\xdb\xf3.\xdeK\xcf-\xb7\xdc\
\x12C\x86\x0c)\xd8\xf6\xec\xb3\xcf\xc6\xa3\x8f>\xda\xe5\
\xfb\x1c;vl\xcc\x993'\xce?\xff\xfc\xe8\xd3\xa7\
O\xc1eI\x92\xc4\xae]\xbbb\xcd\x9a5\xb1z\xf5\
\xea\x16#n\xcc\x981q\xcb-\xb7t\xe9\xb1\x17-\
Z\x14\x9b6m\xea\xf4\xed\xfe\xf8\x8f\xff8\x06\x0e\x1c\
\xd8\xee\xf5\x9a\x9a\x9ab\xe7\xce\x9d\xf1\xe2\x8b/\xc6\xea\
\xd5\xab\xdb\xfc\x90\x90J\xa5\xe2\xcb_\xfer\xc1\xb6\xcd\
\x9b7\xc7w\xbf\xfb\xddVos\xc5\x15W\xc4o\xfd\
\xd6o\x15l\xbb\xf3\xce;c\xc7\x8e\x1d\xcd\xdfg2\
\x99\xb8\xf5\xd6[\xa3\xaa\xaa\xaay\xdbk\xaf\xbd\x16\xf7\
\xde{o\x9b\xd1\xfe\x95\xaf|%\xb2\xd9\xff\xf8/\xe5\
\xc5\x17_\x8c\xfb\xef\xbf?\x22\x22\x86\x0d\x1b\x16_\xfa\
\xd2\x97\xba\xfc3\xdf\xbauk\xdcs\xcf=\x05\xdbf\
\xcf\x9e\x1d\x1f\xfe\xf0\x87\x0b\xb6\xdd}\xf7\xdd\xf1\xc6\x1b\
o\xb4\xfc\x9f]6[4^\x9b6m\x8aE\x8b\x16\
\xb5x\xfd\xcf}\xeesE?\xb3\xb5k\xd7\xc6\x83\x0f\
>\xd8\xe6sM\xa5R\xf1'\x7f\xf2'E\xef\xfb\x8e\
\xdc\x16\xd1\x0e\xed1U\x86^\x15\xef\xa6\xcd\x94\x8e\xf3\
\xce;\xaf(^\x22\x22.\xbb\xec\xb2\x82=\xb3\x1dU\
QQ\x117\xdcpC|\xf1\x8b_\x8c\x8b/\xbe\xb8\
(\xda\x8fE\xd3\xa8Q\xa3\xe2\xe3\x1f\xffx\xfc\xc5_\
\xfcE\x5cx\xe1\x85\xe5\xb5'%\x9b\x8dq\xe3\xc6\xc5\
u\xd7]\x17\x7f\xf6g\x7f\x16c\xc6\x8c9\xe5\xcf\xe1\
\xc8\x91#\xf1\xf4\xd3O\x17l;\xf7\xdcs\xe3\xdcs\
\xcfm\xf56\xf3\xe6\xcd+\x88\xf6\x5c.\x17K\x97.\
\xedu\xef\xe9\xa9S\xa7F\xff\xfe\xfd\xdb\xbc\xce\xe4\xc9\
\x93[|\xdf#\xdaA\xb8\x83x/Y\x97_~y\
\x8b\xdb\xfb\xf4\xe9\x13\x97^zi\xa7\xee\xab\xaa\xaa*\
n\xbe\xf9\xe6\x98>}z\xa4R\xa9\x0e\xdd\xa6\x7f\xff\
\xfeq\xd3M7\x15\xed\x95-\x17\x83\x06\x0d\x8a?\xfa\
\xa3?\xea\xd0\x9e\xfa\xee\xb6r\xe5\xca8p\xe0@\xc1\
\xb6k\xaf\xbd\xb6\xc5\xb1\x1f9rd\x5c|\xf1\xc5\x05\
\xdb~\xf5\xab_\xc5\x9e={z\xdd{:\x9b\xcd\xc6\
\x9c9s\xda\xbc\xce\x95W^\xe9\x1f\xbfh\x87\x9e\xfb\
=d\x08\xe8\x8d\xf1n\xda\xcc\xe95l\xd8\xb08\xe7\
\x9csZ\xbd|\xf6\xec\xd9\xf1\xcb_\xfe\xb2C\xf7\x95\
J\xa5\xe2\xa6\x9bn\x8a\xb1c\xc7\x16]\xd6\xd8\xd8\x18\
;v\xec\x88\xc3\x87\x0fGmmm\x8c\x1d;6\xd2\
\xe9\xff\xd8\x1f\x91$I\xec\xdc\xb9\xb3\xcd\xfboll\
\x8c\xe7\x9f\x7f\xbep\x8fF:\x1d\xd3\xa6M+\x08\xd5\
\x5c.\x17\xbbv\xed\xea\x96\xf19z\xf4h\xc1c\xa6\
R\xa9\x180`@\x9c{\xee\xb9QQQ\xd1\xbc\xbd\
\xa6\xa6&\xae\xbe\xfa\xea\xf8\xd1\x8f~tJ\x7f~\x8d\
\x8d\x8d\xb1|\xf9\xf2\xb8\xfe\xfa\xeb\x0b\x02\xfd\xb2\xcb.\
\x8b5k\xd6\x14\x5c\xf7\x9ak\xae)\x18\xf3\x86\x86\x86\
X\xb1bE\xc1u\xea\xea\xea\xe2\x85\x17^(z\x9c\
q\xe3\xc6\xc5\xe0\xc1\x83\x0b\xb6m\xdc\xb8\xb1h\x8a\xd0\
\xb1\xb9\xf2\xa5`\xe6\xcc\x99\xf1\xf3\x9f\xff\xbc\xc5\xe34\
\xce:\xeb\xac\xf8\xc0\x07>\xe0\x17\x80h\x07\xe1\x0e\xe2\
\xbd|\x5c~\xf9\xe5\x05\xd1{\xf8\xf0\xe1\x82\x83\xf5\x86\
\x0f\x1f\x1eg\x9f}vl\xd9\xb2\xa5\xdd\xfb\x9a5k\
VL\x9c8\xb1h\xfb\xaaU\xabb\xe9\xd2\xa5\x05\x07\
M\xd6\xd6\xd6\xc6\xb5\xd7^\x1bS\xa7N\x8d\x88\x88'\
\x9ex\x226n\xdc\xd8\xe6\xfd\xd7\xd7\xd7\xc7\xc3\x0f?\
\x5c\xb0m\xca\x94)1}\xfa\xf4\x82m/\xbd\xf4R\
\xd1^\xe8\xae:|\xf8p\x8b\xf3\xfc\x07\x0d\x1a\x14\xb7\
\xdcrK\xc1\xc1\xa1\x93'O\x8eL&\x13\xb9\x5c\xee\
\x94\xfe\x0c\xd7\xacY\x13W\x5cqE\x0c\x1b6\xacy\
\xdb\xbcy\xf3\xe2\xc5\x17_l>v\xe0\xec\xb3\xcf\x8e\
I\x93&\x15\xdcn\xe5\xca\x95E\xff\xee\xf6\xed\xdb\x17\
\xff\xf6o\xffV\xf4\x187\xdexcQ\xb8/^\xbc\
8\xf6\xee\xdd[\xb2\xef\xed\xaa\xaa\xaa\x98>}z\xac\
\x5c\xb9\xb2\xe82{\xdbE;\xf44Se\xe8\xd5\xf1\
n\xda\xcc\xe9\x09\x9b\x13\xa7\xc2,^\xbc8\x0e\x1e<\
X\xb0m\xf6\xec\xd9\xed\xff\x82J\xa7\x8b\x0e\xa6\x8c\x88\
X\xb1bE<\xf2\xc8#E+\x9d\xec\xdf\xbf?\xee\
\xbf\xff\xfeX\xbcxq\xac^\xbd\xbah\xaevG]\
q\xc5\x15E\xdbZ|\x87^\xac\x00\x00\x19\x7fID\
AT\x0a\xb5\xee\xb6w\xef\xde\xa2\xe7\x5cYYyZ\
\xa6\xcb\xe4\xf3\xf9X\xb2dI\xc1\xb6\x01\x03\x06\xc4U\
W]\xd5\xfc\xfd5\xd7\x5cS\xf4\x81\xa4\xabc^N\
\xe6\xcc\x99S\xf0W\x86\x88\x88\xa1C\x87\xc6\x05\x17\x5c\
\xe0\x17\x80h\x87\x1ee\x8f;\xbd>\xde\xedy?\xb5\
\xa6O\x9f^p\xf0\xe9\xa1C\x87b\xfd\xfa\xf51r\
\xe4\xc8\xf8\xe0\x07?\xd8\xbc\xfd\x82\x0b.\x88\xda\xda\xda\
V\x97\xe3;\xf63\x1c0`@\xc1\xb6w\xdey'\
\x9e|\xf2\xc96\x9f\xc33\xcf<\xd3\xeaeo\xbf\xfd\
v\xdcq\xc7\x1d\xcd\xdf\x9f\xb8'\xfb\xac\xb3\xce\x8aq\
\xe3\xc6\x15l\xdb\xbauk\xbc\xfd\xf6\xdb\xa7d\xfcZ\
\xda\xdb\xdc\xd2\x81\xb8\xa7\xc2\xcb/\xbf\x1c\xdb\xb7o/\
\x98\xfeq\xd5UW\xc5s\xcf=\x17\x13&L(\x9a\
\xbe\xd4\xda\x14\x92\xde\xe0\xd0\xa1C\xcd;\x02\x06\x0e\x1c\
\x18S\xa7N\x8du\xeb\xd6\x15|\xd8;\xfe\xafL\xc7\
_\x1f\xd1\x0e\xc2\x1d\xc4{\xc9I\xa5RE{\xd2\xd7\
\xad[\x17\xb9\x5c.\xd6\xacY\x13W]uUs\xdc\
\xa4\xd3\xe9\x985kV\xd1^\xdd\xe3\xb54\xaf\xfd\xf9\
\xe7\x9f\x8f\x939\xfdDCCC\xbc\xf9\xe6\x9b\xad^\
\xde\xd2t\x87_\xfc\xe2\x17\xa7l\x0c[\xda\xbb\xde\x91\
\xb5\xc3#~=\xd5\xe6C\x1f\xfaP\xab\x97we\xfe\
\xf5\xcf~\xf6\xb3\xf8\xc2\x17\xbe\xd0\xfc}eee\x5c\
s\xcd5E\xf7\xb5o\xdf\xbe\x0e\x1f\xb7\xd0S.\xbd\
\xf4\xd2\x980aB\x8b\x97\x9d\xb8\x87\xbc\xb3\x9e{\xee\
\xb9\x98;wn\xf3\xfb\xf7\xca+\xafl\x0e\xf7\xbe}\
\xfb\x16\xfc\x95i\xff\xfe\xfd\xf1\xdak\xaf\x15M\xb7B\
\xb4\x83p\x07\xf1^2\xce?\xff\xfc\x82\x93\x1b%I\
\x12\xabW\xaf\x8e\x88\x88\xdd\xbbw\xc7\xf6\xed\xdb\xe3\xac\
\xb3\xcej\xbe|\xfa\xf4\xe9\xb1|\xf9\xf2\x82\x13\x00\x1d\
\xef\xc4\x13\x01E\xfcz\x8f{O\x19<xp\x9c\x7f\
\xfe\xf9\x05\xdbv\xef\xde\x1d\xaf\xbe\xfa\xea)\x8b\x8f\x13\
\xa7\xe9\xd4\xd5\xd5u\xf8\xc4=C\x86\x0c\x89\xab\xaf\xbe\
\xba[\x9f\xd3\x1bo\xbc\x11\x1b7n,\x98\x06r\xd9\
e\x97\x15]o\xd9\xb2e\xa7|\x1e\xfe\x89f\xcc\x98\
\xd1c\xf7\xbd{\xf7\xee\xd8\xb4iS\x9cw\xdey\x11\
\x111j\xd4\xa88\xe7\x9csb\xf3\xe6\xcdq\xf9\xe5\
\x97\x17\x1cT\xfc\xcb_\xfe\xb2\xc5\xf7.\xa2\x1dN\x96\
9\xee\x9cQ\xf1\xeeO\xd7=\xeb\xc4\xa5\xf2\xdex\xe3\
\x8d\x82\x15A\x8eE\xfc1}\xfb\xf6\x8d\x8b.\xba\xa8\
\xd5\xfbki\xf9\xc1\xce\x9cY\xb4+\xcf\xff\xc4=\xb3\
\xcf<\xf3Lt\xf7\x09\xa6\xab\xab\xab\xe3C\x1f\xfaP\
\xf3\xd7\xdc\xb9s\xe3\xfa\xeb\xaf\x8f/\x7f\xf9\xcbE\x07\
k\xae_\xbf>N\xf7\x09\xae\x97,Y\xd2\xe6\xb8\xef\
\xda\xb5\xab`\xdaHou\xe2\x14\xac\xab\xae\xba**\
**b\xd6\xacY\xcd\xdb\x1a\x1b\x1b\xe3W\xbf\xfa\x95\
_\x06\xa2\x1d\x84;\x88\xf7\xd25r\xe4\xc8\xa2i\x0a\
'\x86\xfa\xfa\xf5\xeb\x8b\xe6@\xb7\xb6\xde{\xc4\xafO\
\x06t\xa2\xa1C\x87\xf6\xc8\xf3\xaf\xae\xae\x8ei\xd3\xa6\
\x15=\xfe\xda\xb5k\xbb\xfd\xb1\x8e-\xf3x\xeck\xde\
\xbcy1c\xc6\x8c\xa8\xa9\xa9)\xb8\xde\xe1\xc3\x87\xdb\
\x9d\xcf\x7f*\xbc\xfb\xee\xbbm\x8e\xc3\x92%KN\xfb\
\x87\x8bSa\xf3\xe6\xcd\xf1\xee\xbb\xef6\x7f?q\xe2\
\xc4\xb8\xee\xba\xeb\x0a~n\xeb\xd6\xad\x8b#G\x8e\x9c\
\x11\xe3!\xda\xe1\xd43U\x8632\xdeM\x9b\xe9~\
'.\x01\x19\x111f\xcc\x98\x18>|xQ\x8c\x1e\
\x7f\xb0\xe5\xd8\xb1cc\xec\xd8\xb1-\xce;oi\xdd\
\xf4)S\xa6\xc4\xaaU\xab\xba\xfd\xf9\xcf\x9c9\xb3\xe8\
\x8c\xae\xcf=\xf7\x5c\xf3\xd2\x87\xa7\xda\xfe\xfd\xfb\xe3\xfb\
\xdf\xff~\xd1j<my\xeb\xad\xb7\xe2\xf1\xc7\x1fo\
\xf5\xf2\x193f\x14\x9d,\xa9\xa3\x96/_\x1e\x17_\
|q\xc1\x94\x90\x88\x88m\xdb\xb6\x9d\xb2\xa9D\xedy\
\xe4\x91GZ\x9dJ\x95\xc9d\xe2\xf3\x9f\xff\xfcI?\
\xc63\xcf<\xd3\xbc\xbe}*\x95*\x98\x9e\x93$I\
\x9b\x07F#\xdaA\xb8\x83x?\xedjjjZ\x0c\
\xc2\xb6\xf6\xa6\x1fo\xf6\xec\xd9\xf1\xc0\x03\x0f\x14m\x7f\
\xfd\xf5\xd7\xa3\xa9\xa9)\xb2\xd9l\xc1\xcf\xef\xe2\x8b/\
n\xf1\x84>\xc7\x0c\x1d:4jkk\xe3\xf5\xd7_\
\xef\xd0\xe3g2\x99\xa2\x83j\x9b\x9a\x9az\xe4\x03B\
G466\xc6\x1dw\xdc\xd1\xa9h\x8f\xf8\xf5|\xf8\
\xad[\xb7\xb6z\xf9\xb9\xe7\x9e{R\x1f$V\xaf^\
]\xf43-\xa5\xe5\x1fw\xee\xdc\x19o\xbc\xf1F\xcb\
\xff\xd9e\xbb\xe7\xbf\xbbu\xeb\xd6\xc5G>\xf2\x91\xa2\
\xbf\x8e\x1c{\xbf\x1e\xdb#o\x8f\xbbh\x87\x9e`\xaa\
\x0cgt\xbc\x9b6\xd3=f\xcc\x98Q\xb4'\xb63\
\xa6L\x99Rp\x82\xa6\xe3C\xb4\xa5\xb9\xd37\xdex\
c\x8b\x07H\xa6R\xa9\x986mZ|\xf1\x8b_\x8c\
?\xf8\x83?\xe8\xf0\x7f\xecS\xa6L)Zv\xf2\xa5\
\x97^\xeat8w&\x82\xef\xb9\xe7\x9e\xe6\xaf\x13O\
\x00UQQ\xd1\xe2\xfa\xf5\xa7[K\xe3q\xe2Z\xfa\
\xbd][s\xd8\xedm\x17\xed \xdcA\xbc\x97\xf6/\
\x91\xdf,\xebx2\xb2\xd9l\xabK\xe7-[\xb6\xac\
h\xae{6\x9b\x8d\xdf\xfd\xdd\xdf\x8d?\xfd\xd3?\x8d\
k\xaf\xbd6\xae\xba\xea\xaa\xf8\xf8\xc7?\x1e\x7f\xfe\xe7\
\x7f\x1e7\xdexcTWWGeee\xfc\xe1\x1f\
\xfea\x8c\x193\xa6\xdd\xc7?q\x09\xc8$Iz\xf4\
\x84KMMM\xb1u\xeb\xd6\xe6\xaf\xe7\x9e{\xae\xe8\
,\xb2\xb3f\xcdjq9LN\xbfU\xabV\x15\xad\
\xa0s*W\x1f\x12\xed\xa2\x9d3\x97\xa92\x88w\xd3\
fN\xca\x85\x17^X\xb4\xf4\xdd\xe3\x8f?^t`\
\xea\xf1\xaa\xab\xab\xe3+_\xf9Jd2\x99\xe6m3\
g\xce\x8c\xa7\x9ez\xaah\x8a\xc1\xc1\x83\x07\xe3\xbe\xfb\
\xee\x8b\xcf}\xeesE\xd3\x1dF\x8e\x1c\x19#G\x8e\
l\xf5q\x8e\x9d\x9e\xfe\xad\xb7\xdej\xf5:g\x9f}\
v\x8c\x1a5\xaa`\xdb\x96-[b\xe7\xce\x9d\xa7t\
\x1c\x97,Y\x12\xb7\xdezk\xc1:\xf77\xdcpC\
|\xe7;\xdf\xe9\xd1\x95t\xe8\xbc\x03\x07\x0e\xc4\x86\x0d\
\x1bb\xea\xd4\xa9\xcd\xdb\x9e}\xf6Y\x03#\xda\xa1\xc7\
\xd9\xe3\x8ex\xb7\xe7\xfd\xa4\x9c8\xe7\xb9\xb1\xb11\xd6\
\xacY\x13G\x8f\x1em\xf5k\xef\xde\xbd\xb1q\xe3\xc6\
\x82\xdb\x0d\x1c8\xb0\xd5S\xc6\xbf\xfe\xfa\xeb\xf1\xbd\xef\
}\xaf\xc5UfZ\x93\xcb\xe5\xe2\xc9'\x9f\x8c\x9f\xfe\
\xf4\xa7m^\xaf\xa5\x13.\xf5\xe4\xde\xf6\xd6\xec\xd8\xb1\
\xa3hLF\x8e\x1c\x19W]u\x957Y\x09z\xea\
\xa9\xa7\xe2\xf9\xe7\x9f\x8f\xe7\x9f\x7f>\xd6\xae][\xb4\
\xea\x8e9\xee\xa2\x1d\x84;\x88\xf7\x922z\xf4\xe8\x82\
\x13*EDl\xd8\xb0\xa1Cg\xfa\x5c\xb3fM\xd1\
\xb6\x13\x0f\x10=1\xde\xbf\xfd\xedo\xc7\xda\xb5k\xdb\
<\xd1O>\x9f\x8f\x97_~9\xbe\xf3\x9d\xef\xc4\xf2\
\xe5\xcb\xdb\x0c\xa8a\xc3\x86\xc5\xa4I\x93\x0a\xb6\xbd\xf7\
\xde{\xa7m\xca\xc3\xd2\xa5K\x8b\xf6\xae\xcf\x9d;\xb7\
\xc7\x96\xc0\xa4\xebv\xee\xdc\x19\x0f<\xf0@<\xf0\xc0\
\x03\xf1\xe0\x83\x0fFCC\x83A\x11\xed\xd0\xe3L\x95\
\x81\x13\xe2\xdd\xb4\x99\x8e\xab\xaa\xaa*Zg|\xc3\x86\
\x0d\x1d\xba\xedk\xaf\xbd\x16K\x97.-:\xe1Q6\
\x9bm\xf5L\xaa\x07\x0f\x1e\x8c\x07\x1f|0\x9ex\xe2\
\x89\x984iR\x8c\x193&\xfa\xf7\xef\x1f\xe9t:\
\x0e\x1d:\x14o\xbf\xfdv\xbc\xf2\xca+q\xe0\xc0\x81\
\x0e=\x87\xbe}\xfb\xc6\xf2\xe5\xcb\x0b\xb6m\xdb\xb6\xad\
\xdb\xc7i\xe5\xca\x95QUU\xd5\xfc}k\x1fl\xde\
}\xf7\xddx\xe8\xa1\x87\x8a\xa6\x1e\x0d\x192$v\xef\
\xde]\xb0-I\x92\xa2\xb1\xdf\xb3gO\x9b\xcf\xe3\xd8\
*=\xc7\xdb\xbf\x7f\x7f\x87_\xc7\xb6m\xdb\x8a\x1e\xb3\
\xa3gum\xc9\xc6\x8d\x1b\x8bn\xdf\x91\x0f}\x11\xbf\
\x9e\xcet\xe2\x87\xb2\xb6\x9eK>\x9f/z\xee\xef\xbf\
\xff~\x87\x7ff--M\xda\x96M\x9b6\x15\xbc\x96\
S=\xf5J\xb4C\xef\x94J\xfc=\x0f\x8a\xe2D\xbc\
\x03\x88v(5\xa6\xca\xc0\x09L\x9b\x01\x10\xed \xdc\
A\xbc\x03 \xdaA\xb8\x83x\x07\x10\xed \xdcA\xbc\
\x03 \xdaA\xb8\x83x\x07\x10\xed\x80p\x07\xf1\x0e \
\xdaA\xb8\x83x\x07@\xb4\x83p\x07\xf1\x0e \xdaA\
\xb8\x1b\x02\x10\xef\x00\xa2\x1d\x84;\x88w\x00\x22\x22\xa2\
\xa6\xa6F\xb4\x83p\x07\xf1\x0eP\xea\xd1~\xdbm\xb7\
\x89v\x10\xee \xde\x01J=\xda'N\x9ch0@\
\xb8\x83x\x07\x10\xed\xd0\xbb\xa5\x92$I\x0c\x03\x9c\xbc\
m\xdb\xb6\xc5\x82\x05\x0b\xe2\xd0\xa1C\x06\xa3\x93f\xcd\
\x9a\x15\x13&L(\xd8\xf6\xf0\xc3\x0fG]]]\xa7\
\xee\xe73\x9f\xf9L\xc1\xf7\xbbv\xed\x8a\x9f\xff\xfc\xe7\
-^\xf7\x93\x9f\xfcd\xd4\xd4\xd4\xb4y\x7fMMM\
q\xe4\xc8\x91x\xe7\x9dwb\xd3\xa6Mq\xf0\xe0\xc1\
6\xaf\xdf\xb7o\xdf\xf8\xc4'>\xd1\xe6ur\xb9\x5c\
\x1c=z4\xf6\xec\xd9\x13o\xbc\xf1F\xbc\xf9\xe6\x9b\
]\x1e\xb7!C\x86\xc4\xd5W_]\xb0\xad\xbe\xbe>\
~\xf2\x93\x9f\x9c\xd4\xb8\x9d(\x9f\xcf\xc7\xd1\xa3Gc\
\xdf\xbe}\xb1c\xc7\x8e\xd8\xb6m[t\xe4\xbf\x8e\xce\
\xfc<Z\x92N\xa7\xe3\x86\x1bn\x88\x8a\x8a\x8a\x82\xed\
?\xfb\xd9\xcfb\xdf\xbe}]~\x7f\xed\xd9\xb3'\x96\
,Y\xd2\xe6m>\xfa\xd1\x8fFmmm\xf3\xf7\x9b\
7o\x8e\xd5\xabW\xfb\xc7*\xda\xe1\xb4\xca\x1a\x02\xe8\
\x1e\xc7\xf6\xbc\x8b\xf7\xce\x1b7n\x5cL\x992\xa5`\
\xdbc\x8f=\xd6\xa9pO\xa5RE\xf7Q]]\xdd\
j(\x9ew\xdey1p\xe0\xc0\x0e\xdf\x7f>\x9f\x8f\
\x17^x!\x16/^\xdc\xea\xf3\xaa\xac\xac,z\x0e\
\xedy\xe7\x9dwb\xf1\xe2\xc5\xf1\xfa\xeb\xafwz\xdc\
\xe6\xcc\x99\xd3\xe2\xe3m\xd8\xb0!6m\xda\xd4\xe5q\
k\xcf\xde\xbd{\xe3\x89'\x9e\x88\x97^z\xa9\xdb~\
\x1e-\x99<yr\x5cv\xd9e\xad>\xfe\xc9\xbc\xbf\
\x0e\x1c8\x10\xabV\xadj\xf56\x93&M\x8a\xe1\xc3\
\x877\x7f_WW'\xdcE;\x9cv\xa6\xca@\x0f\
\xc4\xbbi3\xbd\xf0\x97e:\x1d\x97^zi|\xe1\
\x0b_\x88\xca\xca\xcan\xbb\xdf\x11#F\xc4\xe7?\xff\
\xf9\x98>}z\xa7nWUU\x15\x97^zi\x8b\
\x97\xcd\x9a5\xabG\xc7b\xd0\xa0A\xf1\x99\xcf|&\
\xe6\xcd\x9b\xd7\xa3\x8fs\xf9\xe5\x97\xb7\xb8}\xda\xb4i\
\x91\xcd\x9e\xdc~\xa7\x8f~\xf4\xa31z\xf4hol\
\xd1\x0e\xc2\x1d\xc4\xbbx/7I\x92DCCC\xf3\
Wccc\x8b\xd3A\x86\x0f\x1f\x1eW\x5cqE\xb7\
>v*\x95\x8aO~\xf2\x931t\xe8\xd0\x0e\xdff\
\xda\xb4i\xd1\xa7O\x9f\x16/\x9b4iR\x0c\x1e<\
\xb8\xc7\xc7l\xee\xdc\xb9q\xf6\xd9g\xf7\xc8}\x8f\x1e\
=\xba\xd5\xd5G\xfa\xf6\xed\x1bS\xa7N=\xa9\xfb\xcf\
f\xb3\xf1\x99\xcf|\xa6\xd51D\xb4C)2U\x06\
z0\xdeM\x9b)\x1f\xef\xbd\xf7^|\xeb[\xdf*\
\x0a\xc4O|\xe2\x13E\xd3,&L\x98\x10+V\xac\
\xe8\xd0\xfd>\xff\xfc\xf3\xb1x\xf1\xe2\xe6\xef3\x99L\
\x0c\x1f>\xbc(z3\x99L\x5c~\xf9\xe5\xf1\xc8#\
\x8ft(\xf4g\xcf\x9e\xdd\xea\xe5\xe9t:f\xcd\x9a\
\x15\x8f?\xfex\x97\xc6b\xeb\xd6\xad\xf1\x83\x1f\xfc\xa0\
\xe0\xfe\x06\x0f\x1e\x1cW^ye\x5ct\xd1E\x05\xd7\
\xbd\xf2\xca+c\xcb\x96-\xdd\xfe\xf3hmo\xfb1\
\xb3g\xcf\x8e\xb5k\xd7\x9e\xd4c\x0c\x192$n\xb8\
\xe1\x86\xb8\xef\xbe\xfb\xfc\x03\x10\xedP\x16\xecq\x87\x1e\
\x8ew{\xde\xcb\xd7\xe1\xc3\x87\xe3\xb1\xc7\x1ek1\x9c\
;*\x97\xcbE]]]\xf3\xd7\xa1C\x87b\xcb\x96\
-\xb1h\xd1\xa2x\xff\xfd\xf7\x0b\xae\xdb\xd1\xbd\xd7\xe7\
\x9dw^\xc1\x1e\xf5\xc6\xc6\xc6\xd8\xb0aC\xc1u\xa6\
M\x9bVtPgW\x9f\xf3\xe1\xc3\x87c\xc7\x8e\x1d\
\xf1\xc3\x1f\xfe0\xb6m\xdbV\xf4!\xa6\xbb\xb5\xb4G\
\xfd\x85\x17^(\xf8~\xcc\x9811n\xdc\xb8\x93~\
\xac)S\xa6\xf4\xf8\xd4\x22\xd1\x0e\x08w\x10\xef\x9c\xa2\
\x189\xd1\x1bo\xbcq\xd2\xf7\xdb\xd4\xd4\x14\xaf\xbd\xf6\
Z\xc1\xb6\xfe\xfd\xfbw\xe8\xb6s\xe6\xcc)\xf8~\xfd\
\xfa\xf5\xf1\x8b_\xfc\xa2`[uuu\x5c|\xf1\xc5\
\xdd>\x1e\x1b7n,\xf8\xbe\xb2\xb22\xaa\xaa\xaa\xba\
\xf51f\xce\x9cY0\x87}\xdf\xbe}\xf1\xd0C\x0f\
\xc5\xd1\xa3G\x0b\xae\xd7\xd6_\x1d:\xe3c\x1f\xfbX\
\x8c\x1a5\xca\x9b]\xb4\x83p\x07\xf1.\xde\xcbA6\
\x9b\x8d\xd1\xa3G\x17|M\x9e<9>\xfd\xe9O\x17\
\x5co\xff\xfe\xfd\xf1\xcc3\xcf\x9c\xb6\xe79|\xf8\xf0\
\xa2=\xf3\xabW\xaf\x8e\xed\xdb\xb7\xc7{\xef\xbd\xd7#\
a\xdb\x9e\xee\x5cU8\x9dN\xc7\xcc\x993\x0b\xb6\xad\
Y\xb3&\x1a\x1a\x1a\xe2\xc5\x17_,\xd8~\xd1E\x17\
u\xe9\xdfU]]]455\x15\xfc\xec\xcdw\x17\
\xed \xdc\x01\xf1^&\x06\x0f\x1e\x1c_\xfa\xd2\x97\x0a\
\xbe>\xfb\xd9\xcf\xc6\x88\x11#\x9a\xe3t\xf3\xe6\xcd\xb1\
p\xe1\xc28r\xe4H\xb7\x04\xea9\xe7\x9cS\xb0m\
\xef\xde\xbd\xed\xden\xce\x9c9\x05Suv\xef\xde\xdd\
<}\xe5\xc4\xe5\x0aG\x8d\x1a\x15g\x9duV\xb7\x8e\
\xd3\xa4I\x93\x8a\x22\xb8\xbe\xbe\xbe\xdb\xee\xff\xa2\x8b.\
\x8a\x01\x03\x064\x7f\x9f\xcf\xe7c\xcd\x9a5-\xbe\xbe\
l6\xdb\xe9\xd5x\x8e}\xf8:q9\xc9\xa1C\x87\
\xc6\xf5\xd7_\xef\x1f\x82h\x07\xe1\x0e\x88\xf7r\xd7\xd0\
\xd0\xd0\xa1\xb0nO*\x95\x8a\x11#F\xc4M7\xdd\
T\xb4\x8aL{\x07y\xb64\xfd\xe5\xf8\x98]\xb7n\
]\xe4r\xb9\x82\xcb\xbbk\xaf\xfb\xe0\xc1\x83\xe3\x86\x1b\
n(\x0a\xb4\xae\xac?\xdf\xde\x07\x93\xe3\xbd\xf6\xdak\
\xb1\x7f\xff\xfe\x88\x88x\xeb\xad\xb7b\xd7\xae]\x05\x97\
\xcf\x9c93\xd2\xe9\xce\xffW\xf6\xcc3\xcf\xc4\xcb/\
\xbf\x5c\xb0m\xea\xd4\xa91c\xc6\x0cov\xd1\x0e%\
\xcb\xaa2p\x1a\xe2\xddj3\xe5\xa7O\x9f>1c\
\xc6\x8c\x982eJ\xfc\xcb\xbf\xfcK\xbc\xf5\xd6[\x1d\
\xba\xdd\xb4i\xd3\x0aN\x22\x94J\xa5Z<\xb8\xb5\xb1\
\xb1\xb1\xcd\x13\x02EDL\x9f>\xbd`\x0d\xf9\x5c.\
W\xb0\xb2\xca\xa1C\x87\xe2\xd5W_\x8d\xc9\x93'7\
o\xbb\xf0\xc2\x0b\xa3\x7f\xff\xfe\xed\x9e\xf5\xf5x\x13'\
N\x8co~\xf3\x9b\xed>\xe7$Ib\xe5\xca\x95\xdd\
6\xc6c\xc7\x8e-:\xe0\xf4W\xbf\xfaU\xc1\xf7k\
\xd6\xac\x89\xeb\xae\xbb\xae\xf9\xfb\xda\xda\xda\xb8\xe0\x82\x0b\
\x8a\x0e\xce\xed\x88\x1f\xff\xf8\xc71j\xd4\xa8\x184h\
P\xf3\xb6\xeb\xae\xbb.v\xec\xd8\xe1\x0d/\xda\xa1$\
\xd9\xe3\x0e\xa7)\xde\xedy/-{\xf6\xec\x89;\xee\
\xb8\xa3\xe0k\xd1\xa2EEK\x0eVUU\xc5\xa7?\
\xfd\xe9\x0e\xaf,\x93J\xa5\x22\x9dN7\x7f\xb5\x16\xc0\
\x0f?\xfcp\x9b{\xf4[Z\x02\xf2\xd5W_\x8d\x86\
\x86\x86\xa8\xa8\xa8h\xfe:q\xf5\x95L&\xd3\xe9\xbd\
\xc8\x1dy\xce\x11\x11O>\xf9dl\xdf\xbe\xbd\xdb~\
\x06'.\x01yl\x05\x9e\xe3_\xdf\x86\x0d\x1b\xba\xed\
\xaf\x0auuuq\xdf}\xf7\x15\xdc_EEE\xfc\
\xfe\xef\xff~\x97W\xe4\x11\xed@O\xb2\xc7\x1dNc\
\xbc\xdb\xf3^:\x9a\x9a\x9a\xe2\xcd7\xdf,\xda\xbei\
\xd3\xa6\xc8f\xb3\x05\xcb\x13\x0e\x1d:4&L\x98\xd0\
-\xeb\x97\xef\xdf\xbf?~\xfc\xe3\x1f\xc7\xe6\xcd\x9b\xdb\
\xbc\xde\xe4\xc9\x93c\xe0\xc0\x81E\xdb\xfe\xf6o\xff\xb6\
\xdd\xc7\x989sf\xfc\xfc\xe7?\x8f|>\xdf-c\
UWW\x17\x8f<\xf2H\xd1\x87\x84\x93\xd1\xbf\x7f\xff\
\xa2\xf5\xf2\xfb\xf5\xeb\x17\xb7\xddv[\xbb\xb7\x9d0a\
B\x8c\x181\x22\xdey\xe7\x9dN?\xee\x9bo\xbe\x19\
O<\xf1D|\xecc\x1f+\xf8\xf9\x22\xda\xa1\x14\xd9\
\xe3\x0e\xa79\xde\xedy/}'\xae\xb7\xde\x99\xb8;\
x\xf0`l\xdd\xba\xb5\xf9\xeb\xc0\x81\x03\x05\x97g\xb3\
\xd9x\xfb\xed\xb7\xdb\xbd\x9f\x13\xe7~w6\x8a/\xbc\
\xf0\xc2N\x85\xf9\xf1\xcfy\xcf\x9e=\x05\x97WTT\
tx\xaaPG\xcd\x9c932\x99L\x97n\xdb\xde\
\x09\xa9\xda\xb3r\xe5\xca\xa2e.\x11\xed \xdc\x01\xf1\
^f\x06\x0c\x18\x10\x97\x5crI\xd1\xf6\x86\x86\x86\x0e\
\xdd\xfe\xd5W_\x8d{\xee\xb9\xa7\xf9\xebG?\xfaQ\
\xc1\xe5}\xfb\xf6-\xd8\xdb\xdb\x92Q\xa3F\xc5\xf8\xf1\
\xe3O\xeaut&l\xdfz\xeb\xad\x82\xe7\xbch\xd1\
\xa2\x82\xe9$\xd9l\xb6[W`\xc9d2EK@\
v\xd6%\x97\x5crR\xeb\xc9?\xf8\xe0\x83\xb1o\xdf\
>ox\xd1\x0e%\xcdT\x19(\x91x7m\xa6\xd0\
W\xbf\xfa\xd56\xd7\x07\xff\xe67\xbfY\xb0\x16ww\
\x04\xfa\xef\xfd\xde\xef\x15\xc5\xcaYg\x9dU4\xdf9\
I\x92\xa23\x88v\xd4\x96-[b\xf3\xe6\xcd\x05K\
A^r\xc9%\xb1n\xdd\xbaV\xa7\xcb\x9c8\xf7;\
I\x92X\xb5jU\x9bS_&M\x9a\x14\xc3\x86\x0d\
+x\x9f\x8d\x1c9\xb2hU\x96\x8e\xd8\xbd{w\xac\
]\xbb\xb6`\xae\xfc\x84\x09\x13b\xc6\x8c\x19E\x07\x8f\
v\xc5\xd4\xa9S\x8b>\xbcn\xd8\xb0\xa1\xcd\x90\x1e1\
bD\xc1\x18VVV\xc6\xa5\x97^\x1a\xcf>\xfbl\
\x97\x9eC]]]\xdc\x7f\xff\xfdq\xf3\xcd7wy\
\xcf\xbfh\x07\x84;\x88\xf73\xd2\xa9\x8e\xa7\xaa\xaa\xaa\
\x82y\xecmY\xb5j\xd5I\xed\x9d]\xb2dIL\
\x9c8\xb1\xf9\xa0\xcfT*\x15\xbf\xf3;\xbf\x13\xdf\xfe\
\xf6\xb7\xa3\xb1\xb1\xb1\xe0\xba}\xfb\xf6-Z\x02r\xcb\
\x96-\xf1\xe8\xa3\x8f\xb6\xf9\x18;w\xee\x8cO}\xea\
S\x05\xdbf\xcf\x9e\x1d\x0f=\xf4P\x97\x9e\xf3\xf2\xe5\
\xcb\xe3\x92K.)\xf8\x10s\xcd5\xd7\xc4+\xaf\xbc\
\xd2\xa9\x15k:\xf2\xc1\xe4\xe8\xd1\xa3\xf1\xa3\x1f\xfd\xa8\
h,\x8e7p\xe0\xc0\xf8\xeaW\xbfZp\xe0\xec\xec\
\xd9\xb3\xbb\x1c\xee\x11\x11\xdb\xb7o\x8f\xa5K\x97\xc6\xb5\
\xd7^\xeb\x1f\xa0h\x87\x92d\xaa\x0c\x94X\xbc\x9b6\
S\xba\xf2\xf9|\xac\x5c\xb92\x16/^|R\xf7\xf3\
\xd6[o\x15-_8x\xf0\xe0\x987o^\xd1u\
g\xcc\x98\x11\xd9l\xe1>\x96\x8e\xec\xe5^\xbf~}\
\x1c=z\xb4`\xdb\xc5\x17_\x1c\xd5\xd5\xd5]z\xce\
\x07\x0e\x1c(Z\xae\xb2\xba\xba:>\xfe\xf1\x8f\x9f\xd4\
X\x9cu\xd6Y1f\xcc\x98\x82m/\xbc\xf0B\x9b\
\xd1\x1e\x11\xb1o\xdf\xbe\xa25\xe4\x87\x0e\x1d\x1a\xe7\x9e\
{\xeeI=\x9f\xa7\x9f~:^}\xf5Uov\xd1\
\x0e\xc2\x1d\x10\xef\xe5\x16\xeaG\x8e\x1c\x89\x1d;v\xc4\
\xd3O?\x1d\xff\xf4O\xff\x14\x8f=\xf6X\x9bSx\
:j\xd9\xb2eES]\xe6\xcc\x99\x13\xa3G\x8f\xfe\
\x8f_\xd0\xe9t\xcc\x9a5\xab\xe0:\x87\x0f\x1f.:\
qPK\x1a\x1b\x1b\x8bV}\xa9\xac\xac,XS\xbe\
\xb3\x9ez\xea\xa9\xa2\x0f\x03\x17]tQ\x5cp\xc1\x05\
]\xbe\xcf\x13\xf7\xb6G\x14\x9f!\xb55-]\xaf;\
N8\xf5\xc0\x03\x0f4\x9f\xf4I\xb4\x8bv(%\xa9\
\xa4;\xfe\x07\x02\xba\xd5\xb6m\xdbL\x9b\x01D;P\
\xc0\x1ew(A\xf6\xbc\x03\xa2\x1d\x10\xee \xde\x01D\
;\x08w@\xbc\x03\xa2\x1d\x10\xee \xde\x01D;\x08\
w@\xbc\x03\xa2\x1d\x10\xee\x80x\x07D; \xdcA\
\xbc\x03\x88v\x10\xee\x80x\x07D; \xdc\x01\xf1\x0e\
\x88v@\xb8\x83x\x07D\xbbh\x87\xb2\x97J\x92$\
1\x0cP\xbe\xb6m\xdb\x16\x0b\x16,\x88C\x87\x0e\x19\
\x0c\xa0E\xfd\xfa\xf5\x8b\xf9\xf3\xe7\xc7\xf8\xf1\xe3\x0d\x06\
\x08w@\xbc\x03\xa5\xa8\xb6\xb66\xe6\xcf\x9f\x1f\xe3\xc6\
\x8d3\x18P\xe6L\x95\x81^\xc0\xb4\x19@\xb4\x83p\
\x07\xc4; \xda\x01\xe1\x0e\x88w@\xb4\x03\xc2\x1d\xc4\
; \xda\x01\xe1\x0e\x88w@\xb4\x03\xc2\x1d\x10\xef\x80\
h\x07\x84;\x9cI\xf1^SSc0@\xb4\x03\xc2\
\x1d(\xf5x\xbf\xed\xb6\xdb\xc4;\x88v@\xb8\x03\xa5\
n\xe2\xc4\x89\xe2\x1dD; \xdc\x01\xf1\x0e\x88v@\
\xb8\x03\xe2\x1d\x10\xed\x80p\x8735\xde\xab\xab\xab\x0d\
\x06\x88v@\xb8\x03\xa5\x1e\xef\xf3\xe7\xcf\x17\xef \xda\
\x01\xe1\x0e\x88w@\xb4\x03\xc2\x1d\x10\xef \xda\x01\xe1\
\x0e\x88w@\xb4\x03\xc2\x1d\x10\xef\x80h\x07\x84; \
\xdeA\xb4\x03\xc2\x1d\x10\xef\x80h\x07\x84; \xdeA\
\xb4\x8bv@\xb8\x03\xe2\x1dD; \xdc\x01\xf1\x0et\
]\xbf~\xfd\xe2\xeb_\xff\xbah\x07\x84; \xde\xa1\
\x94\xa3}\xfe\xfc\xf91~\xfcx\x83\x01\x08w@\xbc\
\x83h\x07\x84; \xde\x01\xd1\x0e\x08w@\xbc\x83h\
\x07\x84;\x80x\x07\xd1\x0e\x08w@\xbc\x03\xa2\x1d\x10\
\xee\x80x\x07\xd1\x0e\x08w\x00\xf1\x0e\xa2\x1d\x10\xee\x80\
x\x07\xd1\x0e \xdc\x01\xf1\x0e\xa2\x1d\x10\xee\x00\xe2\x1d\
D; \xdc\x01\xf1\x0e\xa2\x1d@\xb8\x03\xe2\x1dD;\
 \xdc\x01\xf1.\xde\x11\xed\xa2\x1d\x10\xee\x80x\x07\xd1\
\x0e\x08w\x00\xf1\x0e\xa2\x1d\x10\xee\x80x\x07\xd1\x0e \
\xdc\x01\xf1\x0e\xa2\x1d\x10\xee\x00\xe2\x1dD; \xdc\x01\
\xf1\x0e\xa2\x1d@\xb8\x03\xe2\x1dD; \xdc\x01\xc4;\
\xa2\x1d@\xb8\x03\xe2\x1dD; \xdc\x0d\x01 \xdeA\
\xb4\x03\xc2\x1d@\xbc#\xda\x01\x84; \xdeA\xb4\x03\
\xc2\x1d@\xbc#\xdaE; \xdc\x01\xc4;\xa2\x1d\xa0\
\xa3RI\x92$\x86\x01(\x15\xdb\xb6m\x8b\x05\x0b\x16\
\xc4\xa1C\x87\x0c\x06\xa2\x1d\xe08\xf6\xb8\x03%e\xfc\
\xf8\xf11\x7f\xfe\xfc\xe8\xd7\xaf\x9f\xc1@\xb4\x03\x08w\
@\xbc\x83h\x07\x84;\x80xG\xb4\x03\x08w@\xbc\
\x83h\x07\x84;\x80xG\xb4\x03\x08w\x00\xf1\x8eh\
\x07\x10\xee\x80x\x07\xd1\x0e\x08w\x00\xf1\x8eh\x07\x10\
\xee\x00\xe2\x1d\xd1\x0e \xdc\x01\xf1\x0e\xa2\x1d\x10\xee\x00\
\xe2\x1d\xd1\x0e \xdc\x01\xc4;\xa2\x1d\x10\xee\x00\xe2\x1d\
\xd1\x0e \xdc\x01\xc4;\xa2\x1d@\xb8\x03\x88wD;\
 \xdc\x01\xc4;\xa2\x1d@\xb8\x03\x88wD;\x80p\
\x07\xc4\xbbx\x17\xed\x00\xc2\x1d@\xbc#\xda\x01\x84;\
\x80xG\xb4\x03\x08w@\xbc#\xda\x01\x84;\x80x\
G\xb4\x03\x08w\x00\xf1\x8eh\x07\x84;\x80xG\xb4\
\x03\x08w\x00\xf1\x8eh\x07\x10\xee\x00\xe2]\xb4\x03\x08\
w\x00\xf1\x8eh\x07\x10\xee\x00\xe2\x1d\xd1\x0e \xdc\x01\
\xc4\xbbh\x07\x10\xee\x00\xe2\x1d\xd1\x0e \xdc\x01\xc4\xbb\
h\x07\x10\xee\x86\x00@\xbc\x8bv\x00\xe1\x0e \xde\x11\
\xed\x00\xc2\x1d@\xbc\x8bv\x00\xe1\x0e \xde\xc5\xbbh\
\x07\x10\xee\x00\xe2\x1d\xd1\x0e \xdc\x01\xc4\xbbh\x07\x10\
\xee\x00\xe2\x1d\xd1\x0e \xdc\x01\xc4\xbbh\x07@\xb8\x03\
\x88w\xd1\x0e \xdc\x01\xc4;m\xa8\xa9\xa9\x11\xed\x00\
\xc2\x1d@\xbc\x97z\xb4\xdfv\xdbm\xa2\x1d@\xb8\x03\
\x88\xf7R\x8f\xf6\x89\x13'\x1a\x0c\x00\xe1\x0e \xdeE\
;\x80p\x07@\xbc\x8bv\x00\xe1\x0e \xdeE;\x00\
\xc2\x1d@\xbc\x8bv\x00\xe1\x0e\x80x\x17\xed\x00\xc2\x1d\
@\xbc\x8bv\x00\xe1\x0e\x80x\x17\xed\x00\xc2\x1d@\xbc\
\x8bv\x00\x84;\x80x\x17\xed\x00\xc2\x1d\x00\xf1.\xda\
\x01\x84;\x80x\x17\xed\x00\x08w\x00\xf1.\xda\x01\x84\
;\x00gn\xbc\x8bv\x00\xe1\x0e \xdeE;\x00\xc2\
\x1d@\xbc\x8bv\x00\xe1\x0e@/\x8ew\xd1\x0e \xdc\
\x01\xc4\xbbh\x07@\xb8\x03\x88w\xd1\x0e \xdc\x01\xe8\
\xc5\xf1.\xda\x01\x84;\x00%\x1e\xef\xa2\x1d@\xb8\x03\
P\xe2\xf1.\xda\x01\x84;\x00%\x1e\xef\xa2\x1d@\xb8\
\x03P\xe2\xf1.\xda\x01\x84;\x00%\x1e\xef\xa2\x1d@\
\xb8\x03P\xe2\xf1.\xda\x01\x84;\x00%\x1e\xef\xa2\x1d\
@\xb8\x03P\xe2\xf1.\xda\x01\x84;\x00%\x1e\xef\xa2\
\x1d@\xb8\x03P\xe2\xf1.\xda\x01\x84;\x00%\x1e\xef\
\xa2\x1d@\xb8\x03P\xe2\xf1.\xda\x01\xcaW*I\x92\
\xc40\x00\x94\x9fm\xdb\xb6\xc5\x82\x05\x0b\xe2\xd0\xa1C\
\x1d\xba~\xbf~\xfdb\xfe\xfc\xf91~\xfcx\x83\x07\
 \xdc\x01(\xc5x\xaf\xad\xad\x8d\xf9\xf3\xe7\xc7\xb8q\
\xe3\x0c\x1a@\x992U\x06\xa0\x8cud\xdaL\xbf~\
\xfd\xe2\xeb_\xff\xbah\x07\x10\xee\x00\x94j\xbc\x9b\x1e\
\x03 \xdc\x01(\xb1x\xff\x9b\xbf\xf9\x9b\xa8\xa9\xa9\x11\
\xed\x00\xbd\x949\xee\x00\xbd\xc8\xeb\xaf\xbf\x1e\xdf\xf8\xc6\
7\x22\x22b\xc1\x82\x05\xa2\x1d@\xb8\x03P\xca\xf1\x1e\
\x11\x96|\x04\x10\xee\x00\x00\xc0\xa9f\x8e;\x00\x00\x08\
w\x00\x00@\xb8\x03\x00\x80p\x07\x00\x00\x84;\x00\x00\
 \xdc\x01\x00@\xb8\x03\x00\x00\xc2\x1d\x00\x00\x10\xee\x00\
\x00 \xdc\x01\x00\x00\xe1\x0e\x00\x00\xc2\x1d\x00\x00\x10\xee\
\x00\x00\x80p\x07\x00\x00\xe1\x0e\x00\x00\x08w\x00\x00@\
\xb8\x03\x00\x80p\x07\x00\x00\x84;\x00\x00 \xdc\x01\x00\
@\xb8\x03\x00\x00\xc2\x1d\x00\x00\x84;\x00\x00 \xdc\x01\
\x00\x00\xe1\x0e\x00\x00\xc2\x1d\x00\x00\x10\xee\x00\x00\x80p\
\x07\x00\x00\xe1\x0e\x00\x00\x08w\x00\x00\x10\xee\x00\x00\x80\
p\x07\x00\x00\x84;\x00\x00\x08w\x00\x00@\xb8\x03\x00\
\x00\xc2\x1d\x00\x00\x84;\x00\x00 \xdc\x01\x00\x00\xe1\x0e\
\x00\x00\xc2\x1d\x00\x00\x10\xee\x00\x00 \xdc\x01\x00\x00\xe1\
\x0e\x00\x00\x08w\x00\x00\x10\xee\x00\x00\x80p\x07\x00\x00\
\x84;\x00\x00\x08w\x00\x00@\xb8\x03\x00\x80p\x07\x00\
\x00\x84;\x00\x00 \xdc\x01\x00@\xb8\x03\x00\x00\xc2\x1d\
\x00\x00\x10\xee\x00\x00 \xdc\x01\x00\x00\xe1\x0e\x00\x00\x08\
w\x00\x00\x10\xee\x00\x00\x80p\x07\x00\x00\xe1\x0e\x00\x00\
\x08w\x00\x00@\xb8\x03\x00\x80p\x07\x00\x00\x84;\x00\
\x00 \xdc\x01\x00@\xb8\x03\x00\x00\xc2\x1d\x00\x00\x84;\
\x00\x00 \xdc\x01\x00\x00\xe1\x0e\x00\x00\xc2\x1d\x00\x00\x10\
\xee\x00\x00\x80p\x07\x00\x00\xe1\x0e\x00\x00\x08w\x00\x00\
@\xb8\x03\x00\x80p\x07\x00\x00\x84;\x00\x00\x08w\x00\
\x00@\xb8\x03\x00\x00\xc2\x1d\x00\x00\x84;\x00\x00 \xdc\
\x01\x00\x00\xe1\x0e\x00\x00\xc2\x1d\x00\x00\x10\xee\x00\x00 \
\xdc\x01\x00\x00\xe1\x0e\x00\x00\x08w\x00\x00\x10\xee\x00\x00\
\x80p\x07\x00\x00\x84;\x00\x00\x08w\x00\x00@\xb8\x03\
\x00\x00\xc2\x1d\x00\x00\x84;\x00\x00 \xdc\x01\x00@\xb8\
\x03\x00\x00\xc2\x1d\x00\x00\x10\xee\x00\x00 \xdc\x01\x00\x00\
\xe1\x0e\x00\x00\x08w\x00\x00\x10\xee\x00\x00\x80p\x07\x00\
\x00\xe1\x0e\x00\x00\x08w\x00\x00\xe0d\xfc\xffU\xf27\
 \xc6\xca~\x8a\x00\x00\x00\x00IEND\xaeB`\
\x82\
"

qt_resource_name = b"\
\x00\x05\
\x00o\xa6S\
\x00i\
\x00c\x00o\x00n\x00s\
\x00\x06\
\x07\x03}\xc3\
\x00i\
\x00m\x00a\x00g\x00e\x00s\
\x00\x10\
\x0d\xfd\x09\x87\
\x00r\
\x00e\x00s\x00t\x00y\x00l\x00e\x00_\x00l\x00o\x00g\x00o\x00.\x00p\x00n\x00g\
\x00\x10\
\x02z\x0e\x07\
\x00r\
\x00e\x00s\x00t\x00y\x00l\x00e\x00_\x00i\x00c\x00o\x00n\x00.\x00p\x00n\x00g\
\x00\x18\
\x07\xf0\x01\xe7\
\x00r\
\x00e\x00s\x00t\x00y\x00l\x00e\x00_\x00l\x00o\x00g\x00o\x00_\x00w\x00h\x00i\x00t\
\x00e\x00b\x00g\x00.\x00p\x00n\x00g\
"

qt_resource_struct = b"\
\x00\x00\x00\x00\x00\x02\x00\x00\x00\x01\x00\x00\x00\x01\
\x00\x00\x00\x00\x00\x00\x00\x00\
\x00\x00\x00\x00\x00\x02\x00\x00\x00\x01\x00\x00\x00\x02\
\x00\x00\x00\x00\x00\x00\x00\x00\
\x00\x00\x00\x10\x00\x02\x00\x00\x00\x03\x00\x00\x00\x03\
\x00\x00\x00\x00\x00\x00\x00\x00\
\x00\x00\x00H\x00\x00\x00\x00\x00\x01\x00\x00Y\x0c\
\x00\x00\x01\x9c1\xd8\xb7g\
\x00\x00\x00n\x00\x00\x00\x00\x00\x01\x00\x00\x5c-\
\x00\x00\x01\x9c1\xd8\xb7g\
\x00\x00\x00\x22\x00\x00\x00\x00\x00\x01\x00\x00\x00\x00\
\x00\x00\x01\x9c1\xd8\xb7g\
"

def qInitResources():
    QtCore.qRegisterResourceData(0x03, qt_resource_struct, qt_resource_name, qt_resource_data)

def qCleanupResources():
    QtCore.qUnregisterResourceData(0x03, qt_resource_struct, qt_resource_name, qt_resource_data)

qInitResources()
